PRAGMA foreign_keys=OFF;
BEGIN TRANSACTION;
CREATE TABLE IF NOT EXISTS "django_migrations" ("id" integer NOT NULL PRIMARY KEY AUTOINCREMENT, "app" varchar(255) NOT NULL, "name" varchar(255) NOT NULL, "applied" datetime NOT NULL);
INSERT INTO django_migrations VALUES(1,'contenttypes','0001_initial','2025-02-26 06:11:58.526929');
INSERT INTO django_migrations VALUES(2,'contenttypes','0002_remove_content_type_name','2025-02-26 06:11:58.538833');
INSERT INTO django_migrations VALUES(3,'auth','0001_initial','2025-02-26 06:11:58.553807');
INSERT INTO django_migrations VALUES(4,'auth','0002_alter_permission_name_max_length','2025-02-26 06:11:58.564078');
INSERT INTO django_migrations VALUES(5,'auth','0003_alter_user_email_max_length','2025-02-26 06:11:58.573731');
INSERT INTO django_migrations VALUES(6,'auth','0004_alter_user_username_opts','2025-02-26 06:11:58.580266');
INSERT INTO django_migrations VALUES(7,'auth','0005_alter_user_last_login_null','2025-02-26 06:11:58.588826');
INSERT INTO django_migrations VALUES(8,'auth','0006_require_contenttypes_0002','2025-02-26 06:11:58.591770');
INSERT INTO django_migrations VALUES(9,'auth','0007_alter_validators_add_error_messages','2025-02-26 06:11:58.599345');
INSERT INTO django_migrations VALUES(10,'auth','0008_alter_user_username_max_length','2025-02-26 06:11:58.605526');
INSERT INTO django_migrations VALUES(11,'auth','0009_alter_user_last_name_max_length','2025-02-26 06:11:58.611486');
INSERT INTO django_migrations VALUES(12,'auth','0010_alter_group_name_max_length','2025-02-26 06:11:58.620892');
INSERT INTO django_migrations VALUES(13,'auth','0011_update_proxy_permissions','2025-02-26 06:11:58.629286');
INSERT INTO django_migrations VALUES(14,'auth','0012_alter_user_first_name_max_length','2025-02-26 06:11:58.638623');
INSERT INTO django_migrations VALUES(15,'authapp','0001_initial','2025-02-26 06:11:58.653106');
INSERT INTO django_migrations VALUES(16,'admin','0001_initial','2025-02-26 06:11:58.665440');
INSERT INTO django_migrations VALUES(17,'admin','0002_logentry_remove_auto_add','2025-02-26 06:11:58.679176');
INSERT INTO django_migrations VALUES(18,'admin','0003_logentry_add_action_flag_choices','2025-02-26 06:11:58.689545');
INSERT INTO django_migrations VALUES(19,'sessions','0001_initial','2025-02-26 06:11:58.697241');
INSERT INTO django_migrations VALUES(20,'token_blacklist','0001_initial','2025-02-26 06:11:58.717242');
INSERT INTO django_migrations VALUES(21,'token_blacklist','0002_outstandingtoken_jti_hex','2025-02-26 06:11:58.729440');
INSERT INTO django_migrations VALUES(22,'token_blacklist','0003_auto_20171017_2007','2025-02-26 06:11:58.742008');
INSERT INTO django_migrations VALUES(23,'token_blacklist','0004_auto_20171017_2013','2025-02-26 06:11:58.755681');
INSERT INTO django_migrations VALUES(24,'token_blacklist','0005_remove_outstandingtoken_jti','2025-02-26 06:11:58.771589');
INSERT INTO django_migrations VALUES(25,'token_blacklist','0006_auto_20171017_2113','2025-02-26 06:11:58.785073');
INSERT INTO django_migrations VALUES(26,'token_blacklist','0007_auto_20171017_2214','2025-02-26 06:11:58.808521');
INSERT INTO django_migrations VALUES(27,'token_blacklist','0008_migrate_to_bigautofield','2025-02-26 06:11:58.831239');
INSERT INTO django_migrations VALUES(28,'token_blacklist','0010_fix_migrate_to_bigautofield','2025-02-26 06:11:58.852985');
INSERT INTO django_migrations VALUES(29,'token_blacklist','0011_linearizes_history','2025-02-26 06:11:58.856854');
INSERT INTO django_migrations VALUES(30,'token_blacklist','0012_alter_outstandingtoken_user','2025-02-26 06:11:58.867798');
INSERT INTO django_migrations VALUES(31,'zenapp','0001_initial','2025-02-26 06:11:58.931345');
INSERT INTO django_migrations VALUES(32,'authapp','0002_intrestedtopic_university_customuser_year_of_entry_and_more','2025-02-26 06:44:11.597081');
INSERT INTO django_migrations VALUES(33,'authapp','0003_alter_customuser_email','2025-02-26 09:17:57.144790');
INSERT INTO django_migrations VALUES(34,'zenapp','0002_remove_coupon_discount_percentage_coupon_created_at_and_more','2025-02-26 09:17:57.195366');
INSERT INTO django_migrations VALUES(35,'authapp','0004_alter_customuser_intrested_topics','2025-02-26 11:25:56.698082');
INSERT INTO django_migrations VALUES(36,'zenapp','0003_rename_number_seat_count','2025-02-26 11:25:56.710150');
INSERT INTO django_migrations VALUES(37,'authapp','0005_alter_customuser_managers_and_more','2025-02-27 04:51:37.794588');
INSERT INTO django_migrations VALUES(38,'zenapp','0004_event_lounge_type_event_seat_count_delete_seat','2025-02-27 04:51:37.835732');
INSERT INTO django_migrations VALUES(39,'zenapp','0005_remove_event_duration_event_from_timee_event_to_time','2025-02-27 05:33:45.109180');
INSERT INTO django_migrations VALUES(40,'zenapp','0006_remove_event_event_type','2025-02-27 05:33:54.741746');
INSERT INTO django_migrations VALUES(41,'authapp','0006_paymentgateway','2025-02-27 09:35:48.197553');
INSERT INTO django_migrations VALUES(42,'zenapp','0007_rename_from_timee_event_from_time','2025-02-27 09:35:48.220667');
INSERT INTO django_migrations VALUES(43,'zenapp','0008_rename_from_time_event_end_time_and_more','2025-02-27 09:36:13.611149');
INSERT INTO django_migrations VALUES(44,'zenapp','0009_remove_payment_event_alter_event_session_link_order_and_more','2025-02-27 10:29:30.802941');
INSERT INTO django_migrations VALUES(45,'zenapp','0010_alter_event_description_alter_event_seat_count_and_more','2025-02-27 10:33:34.409850');
INSERT INTO django_migrations VALUES(46,'zenapp','0011_remove_payment_order_eventregistration_amount_and_more','2025-02-28 09:24:12.619555');
INSERT INTO django_migrations VALUES(47,'zenapp','0012_event_is_active','2025-02-28 10:58:21.592623');
INSERT INTO django_migrations VALUES(48,'authapp','0007_alter_paymentgateway_description','2025-03-03 04:10:09.309075');
INSERT INTO django_migrations VALUES(49,'zenapp','0013_payment_payment_gateway_alter_payment_amount','2025-03-03 05:48:25.198637');
INSERT INTO django_migrations VALUES(50,'authapp','0008_remove_paymentgateway_public_key_and_more','2025-03-03 10:40:52.582424');
INSERT INTO django_migrations VALUES(51,'zenapp','0014_alter_payment_payment_gateway','2025-03-03 10:54:30.953166');
INSERT INTO django_migrations VALUES(52,'zenapp','0015_payment_currency','2025-03-03 11:26:03.795131');
INSERT INTO django_migrations VALUES(53,'zenapp','0016_alter_payment_currency','2025-03-03 11:28:52.827185');
INSERT INTO django_migrations VALUES(54,'zenapp','0017_eventregistration_registration_id_and_more','2025-03-10 06:49:04.632789');
INSERT INTO django_migrations VALUES(55,'zenapp','0018_alter_eventregistration_amount_and_more','2025-03-10 06:49:04.690917');
INSERT INTO django_migrations VALUES(56,'zenapp','0019_event_created_on','2025-03-10 06:49:04.770292');
INSERT INTO django_migrations VALUES(57,'zenapp','0020_alter_eventregistration_registration_id','2025-03-10 06:49:04.799616');
INSERT INTO django_migrations VALUES(58,'zenapp','0021_alter_eventregistration_registration_status','2025-03-10 06:49:04.821141');
INSERT INTO django_migrations VALUES(59,'authapp','0009_customuser_department','2025-03-11 05:37:25.689364');
INSERT INTO django_migrations VALUES(60,'zenapp','0022_remove_eventregistration_amount_and_more','2025-03-11 05:37:25.748931');
INSERT INTO django_migrations VALUES(61,'authapp','0010_country_customuser_is_open_to_be_mentor_and_more','2025-03-11 05:51:02.766983');
INSERT INTO django_migrations VALUES(62,'authapp','0011_remove_customuser_intrested_topics_and_more','2025-03-11 06:31:03.990230');
INSERT INTO django_migrations VALUES(63,'authapp','0012_customuser_year_of_graduation','2025-03-11 06:45:40.978254');
INSERT INTO django_migrations VALUES(64,'zenapp','0023_alter_eventregistration_registration_id','2025-03-11 07:00:45.811990');
INSERT INTO django_migrations VALUES(65,'zenapp','0024_alter_eventregistration_registration_id','2025-03-11 07:05:01.471591');
INSERT INTO django_migrations VALUES(66,'zenapp','0025_alter_eventregistration_registration_id_and_more','2025-03-11 07:05:57.320532');
INSERT INTO django_migrations VALUES(67,'zenapp','0026_alter_eventregistration_registration_id','2025-03-11 07:06:20.376263');
CREATE TABLE IF NOT EXISTS "django_content_type" ("id" integer NOT NULL PRIMARY KEY AUTOINCREMENT, "app_label" varchar(100) NOT NULL, "model" varchar(100) NOT NULL);
INSERT INTO django_content_type VALUES(1,'admin','logentry');
INSERT INTO django_content_type VALUES(2,'auth','permission');
INSERT INTO django_content_type VALUES(3,'auth','group');
INSERT INTO django_content_type VALUES(4,'contenttypes','contenttype');
INSERT INTO django_content_type VALUES(5,'sessions','session');
INSERT INTO django_content_type VALUES(6,'token_blacklist','blacklistedtoken');
INSERT INTO django_content_type VALUES(7,'token_blacklist','outstandingtoken');
INSERT INTO django_content_type VALUES(8,'authapp','customuser');
INSERT INTO django_content_type VALUES(9,'zenapp','category');
INSERT INTO django_content_type VALUES(10,'zenapp','coupon');
INSERT INTO django_content_type VALUES(11,'zenapp','eventlog');
INSERT INTO django_content_type VALUES(12,'zenapp','customersupport');
INSERT INTO django_content_type VALUES(13,'zenapp','event');
INSERT INTO django_content_type VALUES(14,'zenapp','eventregistration');
INSERT INTO django_content_type VALUES(15,'zenapp','payment');
INSERT INTO django_content_type VALUES(16,'zenapp','seat');
INSERT INTO django_content_type VALUES(17,'zenapp','zoommeetingattendance');
INSERT INTO django_content_type VALUES(18,'authapp','intrestedtopic');
INSERT INTO django_content_type VALUES(19,'authapp','university');
INSERT INTO django_content_type VALUES(20,'authapp','paymentgateway');
INSERT INTO django_content_type VALUES(21,'zenapp','order');
INSERT INTO django_content_type VALUES(22,'authapp','country');
CREATE TABLE IF NOT EXISTS "auth_group_permissions" ("id" integer NOT NULL PRIMARY KEY AUTOINCREMENT, "group_id" integer NOT NULL REFERENCES "auth_group" ("id") DEFERRABLE INITIALLY DEFERRED, "permission_id" integer NOT NULL REFERENCES "auth_permission" ("id") DEFERRABLE INITIALLY DEFERRED);
CREATE TABLE IF NOT EXISTS "auth_permission" ("id" integer NOT NULL PRIMARY KEY AUTOINCREMENT, "content_type_id" integer NOT NULL REFERENCES "django_content_type" ("id") DEFERRABLE INITIALLY DEFERRED, "codename" varchar(100) NOT NULL, "name" varchar(255) NOT NULL);
INSERT INTO auth_permission VALUES(1,1,'add_logentry','Can add log entry');
INSERT INTO auth_permission VALUES(2,1,'change_logentry','Can change log entry');
INSERT INTO auth_permission VALUES(3,1,'delete_logentry','Can delete log entry');
INSERT INTO auth_permission VALUES(4,1,'view_logentry','Can view log entry');
INSERT INTO auth_permission VALUES(5,2,'add_permission','Can add permission');
INSERT INTO auth_permission VALUES(6,2,'change_permission','Can change permission');
INSERT INTO auth_permission VALUES(7,2,'delete_permission','Can delete permission');
INSERT INTO auth_permission VALUES(8,2,'view_permission','Can view permission');
INSERT INTO auth_permission VALUES(9,3,'add_group','Can add group');
INSERT INTO auth_permission VALUES(10,3,'change_group','Can change group');
INSERT INTO auth_permission VALUES(11,3,'delete_group','Can delete group');
INSERT INTO auth_permission VALUES(12,3,'view_group','Can view group');
INSERT INTO auth_permission VALUES(13,4,'add_contenttype','Can add content type');
INSERT INTO auth_permission VALUES(14,4,'change_contenttype','Can change content type');
INSERT INTO auth_permission VALUES(15,4,'delete_contenttype','Can delete content type');
INSERT INTO auth_permission VALUES(16,4,'view_contenttype','Can view content type');
INSERT INTO auth_permission VALUES(17,5,'add_session','Can add session');
INSERT INTO auth_permission VALUES(18,5,'change_session','Can change session');
INSERT INTO auth_permission VALUES(19,5,'delete_session','Can delete session');
INSERT INTO auth_permission VALUES(20,5,'view_session','Can view session');
INSERT INTO auth_permission VALUES(21,6,'add_blacklistedtoken','Can add blacklisted token');
INSERT INTO auth_permission VALUES(22,6,'change_blacklistedtoken','Can change blacklisted token');
INSERT INTO auth_permission VALUES(23,6,'delete_blacklistedtoken','Can delete blacklisted token');
INSERT INTO auth_permission VALUES(24,6,'view_blacklistedtoken','Can view blacklisted token');
INSERT INTO auth_permission VALUES(25,7,'add_outstandingtoken','Can add outstanding token');
INSERT INTO auth_permission VALUES(26,7,'change_outstandingtoken','Can change outstanding token');
INSERT INTO auth_permission VALUES(27,7,'delete_outstandingtoken','Can delete outstanding token');
INSERT INTO auth_permission VALUES(28,7,'view_outstandingtoken','Can view outstanding token');
INSERT INTO auth_permission VALUES(29,8,'add_customuser','Can add user');
INSERT INTO auth_permission VALUES(30,8,'change_customuser','Can change user');
INSERT INTO auth_permission VALUES(31,8,'delete_customuser','Can delete user');
INSERT INTO auth_permission VALUES(32,8,'view_customuser','Can view user');
INSERT INTO auth_permission VALUES(33,9,'add_category','Can add category');
INSERT INTO auth_permission VALUES(34,9,'change_category','Can change category');
INSERT INTO auth_permission VALUES(35,9,'delete_category','Can delete category');
INSERT INTO auth_permission VALUES(36,9,'view_category','Can view category');
INSERT INTO auth_permission VALUES(37,10,'add_coupon','Can add coupon');
INSERT INTO auth_permission VALUES(38,10,'change_coupon','Can change coupon');
INSERT INTO auth_permission VALUES(39,10,'delete_coupon','Can delete coupon');
INSERT INTO auth_permission VALUES(40,10,'view_coupon','Can view coupon');
INSERT INTO auth_permission VALUES(41,11,'add_eventlog','Can add event log');
INSERT INTO auth_permission VALUES(42,11,'change_eventlog','Can change event log');
INSERT INTO auth_permission VALUES(43,11,'delete_eventlog','Can delete event log');
INSERT INTO auth_permission VALUES(44,11,'view_eventlog','Can view event log');
INSERT INTO auth_permission VALUES(45,12,'add_customersupport','Can add customer support');
INSERT INTO auth_permission VALUES(46,12,'change_customersupport','Can change customer support');
INSERT INTO auth_permission VALUES(47,12,'delete_customersupport','Can delete customer support');
INSERT INTO auth_permission VALUES(48,12,'view_customersupport','Can view customer support');
INSERT INTO auth_permission VALUES(49,13,'add_event','Can add event');
INSERT INTO auth_permission VALUES(50,13,'change_event','Can change event');
INSERT INTO auth_permission VALUES(51,13,'delete_event','Can delete event');
INSERT INTO auth_permission VALUES(52,13,'view_event','Can view event');
INSERT INTO auth_permission VALUES(53,14,'add_eventregistration','Can add event registration');
INSERT INTO auth_permission VALUES(54,14,'change_eventregistration','Can change event registration');
INSERT INTO auth_permission VALUES(55,14,'delete_eventregistration','Can delete event registration');
INSERT INTO auth_permission VALUES(56,14,'view_eventregistration','Can view event registration');
INSERT INTO auth_permission VALUES(57,15,'add_payment','Can add payment');
INSERT INTO auth_permission VALUES(58,15,'change_payment','Can change payment');
INSERT INTO auth_permission VALUES(59,15,'delete_payment','Can delete payment');
INSERT INTO auth_permission VALUES(60,15,'view_payment','Can view payment');
INSERT INTO auth_permission VALUES(61,16,'add_seat','Can add seat');
INSERT INTO auth_permission VALUES(62,16,'change_seat','Can change seat');
INSERT INTO auth_permission VALUES(63,16,'delete_seat','Can delete seat');
INSERT INTO auth_permission VALUES(64,16,'view_seat','Can view seat');
INSERT INTO auth_permission VALUES(65,17,'add_zoommeetingattendance','Can add zoom meeting attendance');
INSERT INTO auth_permission VALUES(66,17,'change_zoommeetingattendance','Can change zoom meeting attendance');
INSERT INTO auth_permission VALUES(67,17,'delete_zoommeetingattendance','Can delete zoom meeting attendance');
INSERT INTO auth_permission VALUES(68,17,'view_zoommeetingattendance','Can view zoom meeting attendance');
INSERT INTO auth_permission VALUES(69,18,'add_intrestedtopic','Can add intrested topic');
INSERT INTO auth_permission VALUES(70,18,'change_intrestedtopic','Can change intrested topic');
INSERT INTO auth_permission VALUES(71,18,'delete_intrestedtopic','Can delete intrested topic');
INSERT INTO auth_permission VALUES(72,18,'view_intrestedtopic','Can view intrested topic');
INSERT INTO auth_permission VALUES(73,19,'add_university','Can add university');
INSERT INTO auth_permission VALUES(74,19,'change_university','Can change university');
INSERT INTO auth_permission VALUES(75,19,'delete_university','Can delete university');
INSERT INTO auth_permission VALUES(76,19,'view_university','Can view university');
INSERT INTO auth_permission VALUES(77,20,'add_paymentgateway','Can add payment gateway');
INSERT INTO auth_permission VALUES(78,20,'change_paymentgateway','Can change payment gateway');
INSERT INTO auth_permission VALUES(79,20,'delete_paymentgateway','Can delete payment gateway');
INSERT INTO auth_permission VALUES(80,20,'view_paymentgateway','Can view payment gateway');
INSERT INTO auth_permission VALUES(81,21,'add_order','Can add order');
INSERT INTO auth_permission VALUES(82,21,'change_order','Can change order');
INSERT INTO auth_permission VALUES(83,21,'delete_order','Can delete order');
INSERT INTO auth_permission VALUES(84,21,'view_order','Can view order');
INSERT INTO auth_permission VALUES(85,22,'add_country','Can add country');
INSERT INTO auth_permission VALUES(86,22,'change_country','Can change country');
INSERT INTO auth_permission VALUES(87,22,'delete_country','Can delete country');
INSERT INTO auth_permission VALUES(88,22,'view_country','Can view country');
CREATE TABLE IF NOT EXISTS "auth_group" ("id" integer NOT NULL PRIMARY KEY AUTOINCREMENT, "name" varchar(150) NOT NULL UNIQUE);
INSERT INTO auth_group VALUES(1,'Student');
INSERT INTO auth_group VALUES(2,'Admin');
INSERT INTO auth_group VALUES(3,'Alumni');
CREATE TABLE IF NOT EXISTS "authapp_customuser_groups" ("id" integer NOT NULL PRIMARY KEY AUTOINCREMENT, "customuser_id" bigint NOT NULL REFERENCES "authapp_customuser" ("id") DEFERRABLE INITIALLY DEFERRED, "group_id" integer NOT NULL REFERENCES "auth_group" ("id") DEFERRABLE INITIALLY DEFERRED);
INSERT INTO authapp_customuser_groups VALUES(1,2,3);
INSERT INTO authapp_customuser_groups VALUES(2,3,1);
INSERT INTO authapp_customuser_groups VALUES(3,4,1);
INSERT INTO authapp_customuser_groups VALUES(4,5,1);
INSERT INTO authapp_customuser_groups VALUES(5,6,1);
INSERT INTO authapp_customuser_groups VALUES(6,7,1);
INSERT INTO authapp_customuser_groups VALUES(7,8,1);
INSERT INTO authapp_customuser_groups VALUES(8,9,1);
INSERT INTO authapp_customuser_groups VALUES(9,10,1);
INSERT INTO authapp_customuser_groups VALUES(10,11,1);
INSERT INTO authapp_customuser_groups VALUES(11,12,1);
INSERT INTO authapp_customuser_groups VALUES(12,13,1);
INSERT INTO authapp_customuser_groups VALUES(13,14,1);
INSERT INTO authapp_customuser_groups VALUES(14,15,1);
INSERT INTO authapp_customuser_groups VALUES(15,16,1);
INSERT INTO authapp_customuser_groups VALUES(16,17,1);
INSERT INTO authapp_customuser_groups VALUES(18,19,3);
INSERT INTO authapp_customuser_groups VALUES(19,20,3);
INSERT INTO authapp_customuser_groups VALUES(20,21,3);
INSERT INTO authapp_customuser_groups VALUES(21,1,2);
INSERT INTO authapp_customuser_groups VALUES(22,22,1);
INSERT INTO authapp_customuser_groups VALUES(23,23,1);
INSERT INTO authapp_customuser_groups VALUES(33,33,1);
INSERT INTO authapp_customuser_groups VALUES(35,35,1);
INSERT INTO authapp_customuser_groups VALUES(36,36,3);
INSERT INTO authapp_customuser_groups VALUES(39,38,1);
INSERT INTO authapp_customuser_groups VALUES(40,39,1);
INSERT INTO authapp_customuser_groups VALUES(41,40,1);
INSERT INTO authapp_customuser_groups VALUES(42,41,3);
INSERT INTO authapp_customuser_groups VALUES(46,45,1);
INSERT INTO authapp_customuser_groups VALUES(49,47,3);
INSERT INTO authapp_customuser_groups VALUES(50,46,3);
CREATE TABLE IF NOT EXISTS "authapp_customuser_user_permissions" ("id" integer NOT NULL PRIMARY KEY AUTOINCREMENT, "customuser_id" bigint NOT NULL REFERENCES "authapp_customuser" ("id") DEFERRABLE INITIALLY DEFERRED, "permission_id" integer NOT NULL REFERENCES "auth_permission" ("id") DEFERRABLE INITIALLY DEFERRED);
INSERT INTO authapp_customuser_user_permissions VALUES(1,4,1);
INSERT INTO authapp_customuser_user_permissions VALUES(2,1,63);
CREATE TABLE IF NOT EXISTS "django_admin_log" ("id" integer NOT NULL PRIMARY KEY AUTOINCREMENT, "object_id" text NULL, "object_repr" varchar(200) NOT NULL, "action_flag" smallint unsigned NOT NULL CHECK ("action_flag" >= 0), "change_message" text NOT NULL, "content_type_id" integer NULL REFERENCES "django_content_type" ("id") DEFERRABLE INITIALLY DEFERRED, "user_id" bigint NOT NULL REFERENCES "authapp_customuser" ("id") DEFERRABLE INITIALLY DEFERRED, "action_time" datetime NOT NULL);
INSERT INTO django_admin_log VALUES(1,'2','psmkduraisamy@gmail.com',1,'[{"added": {}}]',8,1,'2025-02-27 04:27:57.370196');
INSERT INTO django_admin_log VALUES(2,'3','psmkvduraisamy@gmail.com',1,'[{"added": {}}]',8,1,'2025-02-27 04:28:39.424461');
INSERT INTO django_admin_log VALUES(3,'2','psmkduraisamy@gmail.com',2,'[]',8,1,'2025-02-27 04:30:20.612320');
INSERT INTO django_admin_log VALUES(4,'3','psmkvduraisamy@gmail.com',2,'[]',8,1,'2025-02-27 04:30:36.575608');
INSERT INTO django_admin_log VALUES(5,'3','psmkvduraisamy@gmail.com',2,'[]',8,1,'2025-02-27 04:32:08.798241');
INSERT INTO django_admin_log VALUES(6,'2','psmkduraisamy@gmail.com',2,'[]',8,1,'2025-02-27 04:32:18.194100');
INSERT INTO django_admin_log VALUES(7,'4','inbarepute@gmail.com',1,'[{"added": {}}]',8,1,'2025-02-27 08:50:24.977740');
INSERT INTO django_admin_log VALUES(8,'4','inbarepute@gmail.com',2,'[{"changed": {"fields": ["Superuser status"]}}]',8,1,'2025-02-27 09:29:14.246580');
INSERT INTO django_admin_log VALUES(9,'4','inbarepute@gmail.com',2,'[{"changed": {"fields": ["User permissions", "Staff status"]}}]',8,1,'2025-02-27 09:30:11.239068');
INSERT INTO django_admin_log VALUES(10,'1','admin@gmail.com',2,'[{"changed": {"fields": ["User permissions"]}}]',8,1,'2025-02-27 09:30:23.593320');
INSERT INTO django_admin_log VALUES(11,'3','New Moon Hanuman Chalisa',2,'[{"changed": {"fields": ["Moderator"]}}]',13,1,'2025-02-28 05:31:29.098355');
INSERT INTO django_admin_log VALUES(12,'3','New Moon Hanuman Chalisa',2,'[{"changed": {"fields": ["Thumbnail"]}}]',13,1,'2025-02-28 05:34:19.997131');
INSERT INTO django_admin_log VALUES(13,'3','New Moon Hanuman Chalisa',2,'[{"changed": {"fields": ["Thumbnail"]}}]',13,1,'2025-02-28 05:34:30.464696');
INSERT INTO django_admin_log VALUES(14,'4','razorpay',2,'[{"changed": {"fields": ["Name", "Description", "Credentials"]}}]',20,1,'2025-03-03 11:08:09.174411');
INSERT INTO django_admin_log VALUES(15,'4','razorpay',3,'',20,1,'2025-03-03 11:08:28.808557');
INSERT INTO django_admin_log VALUES(16,'3','razorpay',2,'[{"changed": {"fields": ["Name", "Credentials"]}}]',20,1,'2025-03-03 11:08:46.227096');
INSERT INTO django_admin_log VALUES(17,'3','razorpay',3,'',20,1,'2025-03-03 11:12:55.817976');
INSERT INTO django_admin_log VALUES(18,'1','Registration for New Moon Hanuman Chalisa by admin@gmail.com',1,'[{"added": {}}]',14,1,'2025-03-03 11:24:31.024345');
INSERT INTO django_admin_log VALUES(19,'17','student@gmail.com',1,'[{"added": {}}]',8,1,'2025-03-11 06:51:56.893748');
INSERT INTO django_admin_log VALUES(20,'1','IIT KGP',1,'[{"added": {}}]',19,1,'2025-03-11 06:56:17.858893');
INSERT INTO django_admin_log VALUES(21,'2','IIT Kanpur',1,'[{"added": {}}]',19,1,'2025-03-11 06:56:35.548112');
INSERT INTO django_admin_log VALUES(22,'3','IIT Delhi',1,'[{"added": {}}]',19,1,'2025-03-11 06:56:53.235690');
INSERT INTO django_admin_log VALUES(23,'1','Career Guidance',1,'[{"added": {}}]',18,1,'2025-03-11 07:01:45.026608');
INSERT INTO django_admin_log VALUES(24,'2','Internship',1,'[{"added": {}}]',18,1,'2025-03-11 07:01:53.838259');
INSERT INTO django_admin_log VALUES(25,'3','Publication',1,'[{"added": {}}]',18,1,'2025-03-11 07:02:01.522746');
INSERT INTO django_admin_log VALUES(26,'4','Further Studies',1,'[{"added": {}}]',18,1,'2025-03-11 07:02:13.155779');
INSERT INTO django_admin_log VALUES(27,'5','Going Abroad',1,'[{"added": {}}]',18,1,'2025-03-11 07:02:26.925780');
INSERT INTO django_admin_log VALUES(28,'6','Culture adjustment in US\/UK',1,'[{"added": {}}]',18,1,'2025-03-11 07:02:36.050338');
INSERT INTO django_admin_log VALUES(29,'4','IIT Chennai',1,'[{"added": {}}]',19,1,'2025-03-11 07:02:53.481947');
INSERT INTO django_admin_log VALUES(30,'5','IIT Mumbai',1,'[{"added": {}}]',19,1,'2025-03-11 07:03:04.777685');
INSERT INTO django_admin_log VALUES(31,'6','IIT BHU',1,'[{"added": {}}]',19,1,'2025-03-11 07:03:17.337375');
INSERT INTO django_admin_log VALUES(32,'1','Registration for New Moon Hanuman Chalisa by admin@gmail.com',2,'[{"changed": {"fields": ["Registration id"]}}]',14,1,'2025-03-11 07:04:15.611207');
INSERT INTO django_admin_log VALUES(33,'1','Registration for New Moon Hanuman Chalisa by admin@gmail.com',2,'[{"changed": {"fields": ["Registration id"]}}]',14,1,'2025-03-11 07:05:10.790987');
INSERT INTO django_admin_log VALUES(34,'2','Registration for New Moon Hanuman Chalisa by admin@gmail.com',1,'[{"added": {}}]',14,1,'2025-03-11 07:06:24.011554');
INSERT INTO django_admin_log VALUES(35,'1','Registration for New Moon Hanuman Chalisa by admin@gmail.com',2,'[]',14,1,'2025-03-11 07:07:30.971816');
INSERT INTO django_admin_log VALUES(36,'1','india',1,'[{"added": {}}]',22,1,'2025-03-11 09:28:08.138565');
INSERT INTO django_admin_log VALUES(37,'2','thailand',1,'[{"added": {}}]',22,1,'2025-03-11 09:28:18.259970');
INSERT INTO django_admin_log VALUES(38,'3','Registration for Mindfulness by admin@gmail.com',3,'',14,1,'2025-03-11 10:31:51.689251');
INSERT INTO django_admin_log VALUES(39,'2','Registration for New Moon Hanuman Chalisa by admin@gmail.com',3,'',14,1,'2025-03-11 10:32:04.038484');
INSERT INTO django_admin_log VALUES(40,'1','Registration for New Moon Hanuman Chalisa by admin@gmail.com',3,'',14,1,'2025-03-11 10:32:04.038515');
INSERT INTO django_admin_log VALUES(41,'5','Registration for New Moon Hanuman Chalisa by admin@gmail.com',3,'',14,1,'2025-03-11 10:56:57.525999');
INSERT INTO django_admin_log VALUES(42,'4','Registration for Mindfulness by admin@gmail.com',3,'',14,1,'2025-03-11 10:56:57.526031');
INSERT INTO django_admin_log VALUES(43,'1','admin@gmail.com',2,'[{"changed": {"fields": ["Groups"]}}]',8,1,'2025-03-11 11:01:58.738101');
INSERT INTO django_admin_log VALUES(44,'25','user@gmail.com',1,'[{"added": {}}]',8,1,'2025-03-14 07:16:09.230355');
INSERT INTO django_admin_log VALUES(45,'24','mithun123@gmail.com',2,'[{"changed": {"fields": ["Password"]}}]',8,1,'2025-03-14 07:17:08.081836');
INSERT INTO django_admin_log VALUES(46,'25','user@gmail.com',2,'[{"changed": {"fields": ["Groups"]}}]',8,1,'2025-03-14 07:18:17.944390');
INSERT INTO django_admin_log VALUES(47,'27','mitun@gmail.com',3,'',8,1,'2025-03-14 09:26:05.306616');
INSERT INTO django_admin_log VALUES(48,'29','mitung@gmail.com',3,'',8,1,'2025-03-14 09:34:11.852958');
INSERT INTO django_admin_log VALUES(49,'28','mitun@gmail.com',3,'',8,1,'2025-03-14 09:34:11.852958');
INSERT INTO django_admin_log VALUES(50,'31','mitung@gmail.com',3,'',8,1,'2025-03-14 09:37:38.242130');
INSERT INTO django_admin_log VALUES(51,'30','inba@gmail.com',3,'',8,1,'2025-03-14 09:37:38.243130');
INSERT INTO django_admin_log VALUES(52,'26','inpa123@gmail.com',3,'',8,1,'2025-03-14 09:37:38.243130');
INSERT INTO django_admin_log VALUES(53,'32','mitung@gmail.com',3,'',8,1,'2025-03-14 09:39:19.415165');
INSERT INTO django_admin_log VALUES(54,'25','user@gmail.com',3,'',8,1,'2025-03-14 09:39:19.415697');
INSERT INTO django_admin_log VALUES(55,'24','mithun123@gmail.com',3,'',8,1,'2025-03-14 09:39:19.415697');
INSERT INTO django_admin_log VALUES(56,'37','user@gmail.com',1,'[{"added": {}}]',8,1,'2025-03-14 11:19:22.304671');
INSERT INTO django_admin_log VALUES(57,'37','user@gmail.com',2,'[{"changed": {"fields": ["Groups"]}}]',8,1,'2025-03-14 11:29:42.066012');
INSERT INTO django_admin_log VALUES(58,'9','Registration for Mindfulness by user@gmail.com',3,'',14,1,'2025-03-14 11:30:11.182281');
INSERT INTO django_admin_log VALUES(59,'10','Registration for Mindfulness by user@gmail.com',3,'',14,1,'2025-03-14 11:31:29.935853');
INSERT INTO django_admin_log VALUES(60,'37','user@gmail.com',3,'',8,1,'2025-03-14 11:40:19.698925');
INSERT INTO django_admin_log VALUES(61,'38','user@gmail.com',1,'[{"added": {}}]',8,1,'2025-03-14 11:41:07.868441');
INSERT INTO django_admin_log VALUES(62,'38','user@gmail.com',2,'[{"changed": {"fields": ["Groups"]}}]',8,1,'2025-03-14 11:41:16.204277');
INSERT INTO django_admin_log VALUES(63,'38','user@gmail.com',2,'[{"changed": {"fields": ["Groups"]}}]',8,1,'2025-03-14 11:41:54.120151');
INSERT INTO django_admin_log VALUES(64,'11','Registration for Mindfulness by user@gmail.com',3,'',14,1,'2025-03-14 11:46:09.243423');
INSERT INTO django_admin_log VALUES(65,'12','Registration for Mindfulness by user@gmail.com',3,'',14,1,'2025-03-14 11:47:03.095788');
INSERT INTO django_admin_log VALUES(66,'13','Registration for Mindfulness by user@gmail.com',3,'',14,1,'2025-03-14 11:48:43.452334');
INSERT INTO django_admin_log VALUES(67,'14','Registration for Mindfulness by user@gmail.com',3,'',14,1,'2025-03-14 11:49:46.426268');
INSERT INTO django_admin_log VALUES(68,'15','Registration for Mindfulness by user@gmail.com',3,'',14,1,'2025-03-14 11:52:52.510596');
INSERT INTO django_admin_log VALUES(69,'16','Registration for Mindfulness by user@gmail.com',3,'',14,1,'2025-03-14 11:53:40.526198');
INSERT INTO django_admin_log VALUES(70,'17','Registration for Mindfulness by user@gmail.com',3,'',14,1,'2025-03-14 11:54:21.526838');
INSERT INTO django_admin_log VALUES(71,'18','Registration for Mindfulness by user@gmail.com',3,'',14,1,'2025-03-14 12:19:46.973280');
INSERT INTO django_admin_log VALUES(72,'19','Registration for Mindfulness by user@gmail.com',3,'',14,1,'2025-03-14 12:21:05.137782');
INSERT INTO django_admin_log VALUES(73,'20','Registration for Mindfulness by user@gmail.com',3,'',14,1,'2025-03-14 12:25:04.310754');
INSERT INTO django_admin_log VALUES(74,'44','user@example.com',3,'',8,1,'2025-03-17 10:57:35.655503');
INSERT INTO django_admin_log VALUES(75,'43','repute.sathiyakala@gmail.com',3,'',8,1,'2025-03-17 10:57:35.655503');
INSERT INTO django_admin_log VALUES(76,'42','repute.sathyakala@gmail.com',3,'',8,1,'2025-03-17 10:57:35.655503');
INSERT INTO django_admin_log VALUES(77,'18','alaguraj259@gmail.com',3,'',8,1,'2025-03-17 10:57:48.788640');
INSERT INTO django_admin_log VALUES(78,'45','repute.sathiyakala@gmail.com',2,'[{"changed": {"fields": ["Groups"]}}]',8,1,'2025-03-17 11:00:40.402266');
CREATE TABLE IF NOT EXISTS "django_session" ("session_key" varchar(40) NOT NULL PRIMARY KEY, "session_data" text NOT NULL, "expire_date" datetime NOT NULL);
INSERT INTO django_session VALUES('64ms2yw5pyz4swo5bhsmqqoudriwe70w','.eJxVjDEOwjAMRe-SGUWNTUjLyM4ZIjt2SAGlUtNOiLtDpQ6w_vfef5lI61Li2nSOo5izcebwuzGlh9YNyJ3qbbJpqss8st0Uu9Nmr5Po87K7fweFWvnWWbtewA_qNMnAiggnBHI-MWjuUFglOMgoJEegzEHIByYQdgn7ZN4fDxU5ZA:1tnrBq:ifCxtjSxA9ztkB7fwnIRo5jUZ2xORla3nGurjGizHgs','2025-03-14 03:37:30.992233');
INSERT INTO django_session VALUES('qwun9rlzz2x6w45zp69qcpq61uwq10f9','.eJxVjDEOwjAMRe-SGUWNTUjLyM4ZIjt2SAGlUtNOiLtDpQ6w_vfef5lI61Li2nSOo5izcebwuzGlh9YNyJ3qbbJpqss8st0Uu9Nmr5Po87K7fweFWvnWWbtewA_qNMnAiggnBHI-MWjuUFglOMgoJEegzEHIByYQdgn7ZN4fDxU5ZA:1tp3Zx:oQherimOlxMCWN-DoAWPplElraxBLGk0JN8PQhZnLZo','2025-03-17 11:03:21.409479');
INSERT INTO django_session VALUES('ad2mjp1urbrkwqtkdeghg5wtuugq9fcb','.eJxVjDEOwjAMRe-SGUWNTUjLyM4ZIjt2SAGlUtNOiLtDpQ6w_vfef5lI61Li2nSOo5izcebwuzGlh9YNyJ3qbbJpqss8st0Uu9Nmr5Po87K7fweFWvnWWbtewA_qNMnAiggnBHI-MWjuUFglOMgoJEegzEHIByYQdgn7ZN4fDxU5ZA:1trtRa:gs7AW7Tr_uB-bt_xMfKCyy8Jo9ufovCt7r_DmJmYNK8','2025-03-25 06:50:26.500458');
INSERT INTO django_session VALUES('4z7vpl0zaf3kyl4mksofabqbtdd1bc1u','.eJxVjDEOwjAMRe-SGUWNTUjLyM4ZIjt2SAGlUtNOiLtDpQ6w_vfef5lI61Li2nSOo5izcebwuzGlh9YNyJ3qbbJpqss8st0Uu9Nmr5Po87K7fweFWvnWWbtewA_qNMnAiggnBHI-MWjuUFglOMgoJEegzEHIByYQdgn7ZN4fDxU5ZA:1tszE0:BH29u6qYyd3VDGy_PuM32vvrXUGelWd5waKP1N7E1qc','2025-03-28 07:12:56.342011');
INSERT INTO django_session VALUES('qaz8ogs8eajyyyryo4nfd4wo4fpjthgy','.eJxVjDEOwjAMRe-SGUWNTUjLyM4ZIjt2SAGlUtNOiLtDpQ6w_vfef5lI61Li2nSOo5izcebwuzGlh9YNyJ3qbbJpqss8st0Uu9Nmr5Po87K7fweFWvnWWbtewA_qNMnAiggnBHI-MWjuUFglOMgoJEegzEHIByYQdgn7ZN4fDxU5ZA:1tu86L:RmOAkXinVc4w2fbxdmLEWMC_T8O-xcWSMcULALvCbkg','2025-03-31 10:53:45.386510');
CREATE TABLE IF NOT EXISTS "token_blacklist_blacklistedtoken" ("blacklisted_at" datetime NOT NULL, "token_id" bigint NOT NULL UNIQUE REFERENCES "token_blacklist_outstandingtoken" ("id") DEFERRABLE INITIALLY DEFERRED, "id" integer NOT NULL PRIMARY KEY AUTOINCREMENT);
CREATE TABLE IF NOT EXISTS "token_blacklist_outstandingtoken" ("token" text NOT NULL, "created_at" datetime NULL, "expires_at" datetime NOT NULL, "user_id" bigint NULL REFERENCES "authapp_customuser" ("id") DEFERRABLE INITIALLY DEFERRED, "jti" varchar(255) NOT NULL UNIQUE, "id" integer NOT NULL PRIMARY KEY AUTOINCREMENT);
INSERT INTO token_blacklist_outstandingtoken VALUES('eyJhbGciOiJIUzI1NiIsInR5cCI6IkpXVCJ9.eyJ0b2tlbl90eXBlIjoicmVmcmVzaCIsImV4cCI6MTc0MTE1NzgyMSwiaWF0IjoxNzQwNTUzMDIxLCJqdGkiOiI4YzI3MmRmNWZiNjU0MTM5OThjNWMzMjE4ZmMxMWY2NiIsInVzZXJfaWQiOjF9.ChagtXB_TGHzK35tVhcZRV7LINpBORaRoWosg2vXxjk','2025-02-26 06:57:01.066500','2025-03-05 06:57:01',1,'8c272df5fb65413998c5c3218fc11f66',1);
INSERT INTO token_blacklist_outstandingtoken VALUES('eyJhbGciOiJIUzI1NiIsInR5cCI6IkpXVCJ9.eyJ0b2tlbl90eXBlIjoicmVmcmVzaCIsImV4cCI6MTc0MTE1Nzg0NywiaWF0IjoxNzQwNTUzMDQ3LCJqdGkiOiIzZjFmMGUwN2Q0OTQ0OWRhOGJlN2Y2OGVjYzZhODliZCIsInVzZXJfaWQiOjF9.dCXikiKuxLLME2oMZARSKB2vKMo3JdK4knCBJFTyofI','2025-02-26 06:57:27.348348','2025-03-05 06:57:27',1,'3f1f0e07d49449da8be7f68ecc6a89bd',2);
INSERT INTO token_blacklist_outstandingtoken VALUES('eyJhbGciOiJIUzI1NiIsInR5cCI6IkpXVCJ9.eyJ0b2tlbl90eXBlIjoicmVmcmVzaCIsImV4cCI6MTc0MTE1ODY0NCwiaWF0IjoxNzQwNTUzODQ0LCJqdGkiOiI4NjhlOWFlZDg5NDg0OTU1YmNhY2JkYzk5MDU5ZGZjMSIsInVzZXJfaWQiOjF9.WJqePakokQwJB2_t3mja60JeI9__fQw_uHZzgmPjlmQ','2025-02-26 07:10:44.958438','2025-03-05 07:10:44',1,'868e9aed89484955bcacbdc99059dfc1',3);
INSERT INTO token_blacklist_outstandingtoken VALUES('eyJhbGciOiJIUzI1NiIsInR5cCI6IkpXVCJ9.eyJ0b2tlbl90eXBlIjoicmVmcmVzaCIsImV4cCI6MTc0MTE1ODY1NywiaWF0IjoxNzQwNTUzODU3LCJqdGkiOiIwOWNiMTdiNmVhYTQ0MzBhYjQ0Nzg2MWRhNzg3NWMxOSIsInVzZXJfaWQiOjF9.ICVj0g_saZDCyDm4_URgoWhvM2Gd-myaxLCtvhs7Z3Q','2025-02-26 07:10:57.916878','2025-03-05 07:10:57',1,'09cb17b6eaa4430ab447861da7875c19',4);
INSERT INTO token_blacklist_outstandingtoken VALUES('eyJhbGciOiJIUzI1NiIsInR5cCI6IkpXVCJ9.eyJ0b2tlbl90eXBlIjoicmVmcmVzaCIsImV4cCI6MTc0MTE1ODY5MiwiaWF0IjoxNzQwNTUzODkyLCJqdGkiOiI3YmEwZTMzZTA5YTg0NzBiODhlMGNmNjBmZmE5NWFiZiIsInVzZXJfaWQiOjF9.K5k4a9bBk3t2BZPI9BT3qJHanhuBl6PhfX_F9SZovxM','2025-02-26 07:11:32.184651','2025-03-05 07:11:32',1,'7ba0e33e09a8470b88e0cf60ffa95abf',5);
INSERT INTO token_blacklist_outstandingtoken VALUES('eyJhbGciOiJIUzI1NiIsInR5cCI6IkpXVCJ9.eyJ0b2tlbl90eXBlIjoicmVmcmVzaCIsImV4cCI6MTc0MTE1ODcxOSwiaWF0IjoxNzQwNTUzOTE5LCJqdGkiOiI3ZjQ1MWU2MzM3ODc0OGExOGFlYWNjZDgwOWZkYWVmNCIsInVzZXJfaWQiOjF9.xn62wZZrCDAZao73dAv1s5umtUD-f84SwDWCg_zXpd4','2025-02-26 07:11:59.775385','2025-03-05 07:11:59',1,'7f451e63378748a18aeaccd809fdaef4',6);
INSERT INTO token_blacklist_outstandingtoken VALUES('eyJhbGciOiJIUzI1NiIsInR5cCI6IkpXVCJ9.eyJ0b2tlbl90eXBlIjoicmVmcmVzaCIsImV4cCI6MTc0MTE1ODczMiwiaWF0IjoxNzQwNTUzOTMyLCJqdGkiOiI3N2FmMjc2N2I5MmE0NmM2OTJhYmU4NWU5ODA5YzEzNSIsInVzZXJfaWQiOjF9.6RqnKmy9UC6XWPFQyJWnRw8ZEXfyFYnq_1U35D72jjo','2025-02-26 07:12:12.529137','2025-03-05 07:12:12',1,'77af2767b92a46c692abe85e9809c135',7);
INSERT INTO token_blacklist_outstandingtoken VALUES('eyJhbGciOiJIUzI1NiIsInR5cCI6IkpXVCJ9.eyJ0b2tlbl90eXBlIjoicmVmcmVzaCIsImV4cCI6MTc0MTE1ODgwNSwiaWF0IjoxNzQwNTU0MDA1LCJqdGkiOiJmOTQzNjgxNWIzYTk0YWE1OWZmNzAyYzhiZmQxNDYzMiIsInVzZXJfaWQiOjF9.2CisRyrNdspBYYeFJCsZOMz9vIFqZtOa4QUh96AOZt4','2025-02-26 07:13:25.782331','2025-03-05 07:13:25',1,'f9436815b3a94aa59ff702c8bfd14632',8);
INSERT INTO token_blacklist_outstandingtoken VALUES('eyJhbGciOiJIUzI1NiIsInR5cCI6IkpXVCJ9.eyJ0b2tlbl90eXBlIjoicmVmcmVzaCIsImV4cCI6MTc0MTE1ODg3NiwiaWF0IjoxNzQwNTU0MDc2LCJqdGkiOiJhNmMwMzc0ZDhhZWI0OWE3YjgxM2M2ZGUzZDFkOThmZiIsInVzZXJfaWQiOjF9.aZ_J3wSpMwULmDeCC2LzAPILU4QPX52TArx9q4ZugqQ','2025-02-26 07:14:36.812079','2025-03-05 07:14:36',1,'a6c0374d8aeb49a7b813c6de3d1d98ff',9);
INSERT INTO token_blacklist_outstandingtoken VALUES('eyJhbGciOiJIUzI1NiIsInR5cCI6IkpXVCJ9.eyJ0b2tlbl90eXBlIjoicmVmcmVzaCIsImV4cCI6MTc0MTE1OTA2OSwiaWF0IjoxNzQwNTU0MjY5LCJqdGkiOiI2YjQwNTVmMjg5ZmE0ZDNkYTVhMGQxYmQyM2IyNDU2NyIsInVzZXJfaWQiOjF9.gobgMm2mApd9ALx2G_sFa4ox3FwNClE8NbK7x8yWf60','2025-02-26 07:17:49.873067','2025-03-05 07:17:49',1,'6b4055f289fa4d3da5a0d1bd23b24567',10);
INSERT INTO token_blacklist_outstandingtoken VALUES('eyJhbGciOiJIUzI1NiIsInR5cCI6IkpXVCJ9.eyJ0b2tlbl90eXBlIjoicmVmcmVzaCIsImV4cCI6MTc0MTE1OTExNiwiaWF0IjoxNzQwNTU0MzE2LCJqdGkiOiIwOGE4NzQyMGU2Y2Y0NmJiODgyYmEzODUyYTU1MWE4OSIsInVzZXJfaWQiOjF9.tI-BCZsG7reQ4N9OKMhA1mhN5xzMHUFTn-UKklBZZYA','2025-02-26 07:18:36.701094','2025-03-05 07:18:36',1,'08a87420e6cf46bb882ba3852a551a89',11);
INSERT INTO token_blacklist_outstandingtoken VALUES('eyJhbGciOiJIUzI1NiIsInR5cCI6IkpXVCJ9.eyJ0b2tlbl90eXBlIjoicmVmcmVzaCIsImV4cCI6MTc0MTIzNTYyMywiaWF0IjoxNzQwNjMwODIzLCJqdGkiOiJlNmFiMjkyNDQ0Mzc0ZWI1OWJhOWNhNTc4NGNlN2QxOSIsInVzZXJfaWQiOjF9.oGxqSi6VtS5lAqOAQS3-iuOd08Uan-PLV5umkJpUScM','2025-02-27 04:33:43.504060','2025-03-06 04:33:43',1,'e6ab292444374eb59ba9ca5784ce7d19',12);
INSERT INTO token_blacklist_outstandingtoken VALUES('eyJhbGciOiJIUzI1NiIsInR5cCI6IkpXVCJ9.eyJ0b2tlbl90eXBlIjoicmVmcmVzaCIsImV4cCI6MTc0MTI1MDUyNSwiaWF0IjoxNzQwNjQ1NzI1LCJqdGkiOiJkZTU1ZDQ4NGYzZTY0ZTViOWU1NzYxYjQ3MDZmN2Y4MyIsInVzZXJfaWQiOjF9.g-xBb1pRK-8sQslaQ8DsJNyMN6rSAAwrgSeeEv60WXY','2025-02-27 08:42:05.052541','2025-03-06 08:42:05',1,'de55d484f3e64e5b9e5761b4706f7f83',13);
INSERT INTO token_blacklist_outstandingtoken VALUES('eyJhbGciOiJIUzI1NiIsInR5cCI6IkpXVCJ9.eyJ0b2tlbl90eXBlIjoicmVmcmVzaCIsImV4cCI6MTc0MTMzNzIyNCwiaWF0IjoxNzQwNzMyNDI0LCJqdGkiOiI1ODUwNWUyNjNhM2M0MWE4ODM5YjQ0MGRjYmI2ZTc4MSIsInVzZXJfaWQiOjF9.K4hEDWAbiImDr3DG3ZtChZegEvHYxK7ketwXm2rIa2U','2025-02-28 08:47:04.415832','2025-03-07 08:47:04',1,'58505e263a3c41a8839b440dcbb6e781',14);
INSERT INTO token_blacklist_outstandingtoken VALUES('eyJhbGciOiJIUzI1NiIsInR5cCI6IkpXVCJ9.eyJ0b2tlbl90eXBlIjoicmVmcmVzaCIsImV4cCI6MTc0MTk0MjA0MSwiaWF0IjoxNzQwNzMyNDQxLCJqdGkiOiJhNTcwOGE1ZWE1MGQ0N2I0OWEwZDI1ZTY1Y2Q3OTlhYiIsInVzZXJfaWQiOjF9.Jh0PVu2ZfVvmNlp_oEnGVLvyse1ge7VNlwQIP17x8hs','2025-02-28 08:47:21.263704','2025-03-14 08:47:21',1,'a5708a5ea50d47b49a0d25e65cd799ab',15);
INSERT INTO token_blacklist_outstandingtoken VALUES('eyJhbGciOiJIUzI1NiIsInR5cCI6IkpXVCJ9.eyJ0b2tlbl90eXBlIjoicmVmcmVzaCIsImV4cCI6MTc0MTk0MjA2OCwiaWF0IjoxNzQwNzMyNDY4LCJqdGkiOiI0OTZlMmZiZDQ4YzA0ZmRlYjA5NWJiNmQ0ZWIwYmUzYiIsInVzZXJfaWQiOjF9.3lVJ0kvMIF22SnCGaASgCH2O4gAHi9eeiGS1tuDc8WY','2025-02-28 08:47:48.038963','2025-03-14 08:47:48',1,'496e2fbd48c04fdeb095bb6d4eb0be3b',16);
INSERT INTO token_blacklist_outstandingtoken VALUES('eyJhbGciOiJIUzI1NiIsInR5cCI6IkpXVCJ9.eyJ0b2tlbl90eXBlIjoicmVmcmVzaCIsImV4cCI6MTc0MTk0MjA3OCwiaWF0IjoxNzQwNzMyNDc4LCJqdGkiOiIzZjE3ZmNiYjQ3NTg0NjA0YWJiYzgxZDFlMTNkOTk0ZSIsInVzZXJfaWQiOjF9.VW1OF-aRqt5fxR2BKi9Ceqgtqutyr5-1hmWvm0c88QA','2025-02-28 08:47:58.925042','2025-03-14 08:47:58',1,'3f17fcbb47584604abbc81d1e13d994e',17);
INSERT INTO token_blacklist_outstandingtoken VALUES('eyJhbGciOiJIUzI1NiIsInR5cCI6IkpXVCJ9.eyJ0b2tlbl90eXBlIjoicmVmcmVzaCIsImV4cCI6MTc0MTk0MjEwOCwiaWF0IjoxNzQwNzMyNTA4LCJqdGkiOiI4MzIyNWFkY2E0ZGY0MzRlYWM0NTk1OGYzOTY1ZWZiMCIsInVzZXJfaWQiOjF9.2gAzXCyn8z25CXacDA_aboiQKqR-WLTQMoTZ4-hxCvs','2025-02-28 08:48:28.076616','2025-03-14 08:48:28',1,'83225adca4df434eac45958f3965efb0',18);
INSERT INTO token_blacklist_outstandingtoken VALUES('eyJhbGciOiJIUzI1NiIsInR5cCI6IkpXVCJ9.eyJ0b2tlbl90eXBlIjoicmVmcmVzaCIsImV4cCI6MTc0MTk0MjEyMiwiaWF0IjoxNzQwNzMyNTIyLCJqdGkiOiJiNDYzNTEzNzRhZTQ0NGE2YWY5NjQyNGY0ODM3MWIyMyIsInVzZXJfaWQiOjF9.MBPDnTIm4aG2sWLZdBPibeI9RG3Gct4dGO3p23tt1hk','2025-02-28 08:48:42.824099','2025-03-14 08:48:42',1,'b46351374ae444a6af96424f48371b23',19);
INSERT INTO token_blacklist_outstandingtoken VALUES('eyJhbGciOiJIUzI1NiIsInR5cCI6IkpXVCJ9.eyJ0b2tlbl90eXBlIjoicmVmcmVzaCIsImV4cCI6MTc0MjAzNDYzOCwiaWF0IjoxNzQwODI1MDM4LCJqdGkiOiIzMWViZTE1OGNjNDA0M2FjOWQ5NTM2NDNjZjZmODhmZiIsInVzZXJfaWQiOjF9.jGA_ynmCU76D7tU9DSCGjKTFI479OYCtwDormUnwHgA','2025-03-01 10:30:38.885312','2025-03-15 10:30:38',1,'31ebe158cc4043ac9d953643cf6f88ff',20);
INSERT INTO token_blacklist_outstandingtoken VALUES('eyJhbGciOiJIUzI1NiIsInR5cCI6IkpXVCJ9.eyJ0b2tlbl90eXBlIjoicmVmcmVzaCIsImV4cCI6MTc0MjAzNDY5MiwiaWF0IjoxNzQwODI1MDkyLCJqdGkiOiIyMDBlNTk2ZjRmYmY0YzE0OWNiOTQ5MjY2NTMwZGM3OCIsInVzZXJfaWQiOjF9.aG7w8NzqhMzDnQz4-bwmpf9ErKPM5Numu44L1Z5pW0U','2025-03-01 10:31:32.454161','2025-03-15 10:31:32',1,'200e596f4fbf4c149cb949266530dc78',21);
INSERT INTO token_blacklist_outstandingtoken VALUES('eyJhbGciOiJIUzI1NiIsInR5cCI6IkpXVCJ9.eyJ0b2tlbl90eXBlIjoicmVmcmVzaCIsImV4cCI6MTc0MjAzNDczMiwiaWF0IjoxNzQwODI1MTMyLCJqdGkiOiJjYjAxZjE0OTE2MDY0Y2QzYWVmOWM4ZWI1MDJiMTA5YSIsInVzZXJfaWQiOjF9.mQqPeEo6WSMChW_3bZwQuUw09_Ljd9FxEEsFggA9pSI','2025-03-01 10:32:12.800776','2025-03-15 10:32:12',1,'cb01f14916064cd3aef9c8eb502b109a',22);
INSERT INTO token_blacklist_outstandingtoken VALUES('eyJhbGciOiJIUzI1NiIsInR5cCI6IkpXVCJ9.eyJ0b2tlbl90eXBlIjoicmVmcmVzaCIsImV4cCI6MTc0MjAzNDg3MSwiaWF0IjoxNzQwODI1MjcxLCJqdGkiOiIyOTc0YzgzNTFmMjk0YzE1OTY4NDFlODI4NDliMjY0ZSIsInVzZXJfaWQiOjF9.2HoBDhaJN8Qn6Wgvcp4ZhfTU_QEyU_l7qCY6ds808JI','2025-03-01 10:34:31.690885','2025-03-15 10:34:31',1,'2974c8351f294c1596841e82849b264e',23);
INSERT INTO token_blacklist_outstandingtoken VALUES('eyJhbGciOiJIUzI1NiIsInR5cCI6IkpXVCJ9.eyJ0b2tlbl90eXBlIjoicmVmcmVzaCIsImV4cCI6MTc0MjAzNDkxNCwiaWF0IjoxNzQwODI1MzE0LCJqdGkiOiIyZmNjMjJlYTZkMDU0OWY0YTc2ZDViYmI4ZjEwZGY0NyIsInVzZXJfaWQiOjF9.NYhosUnSUBDfRTM_U9O75iRo3r__zpMoRhaexkoxaQY','2025-03-01 10:35:14.795122','2025-03-15 10:35:14',1,'2fcc22ea6d0549f4a76d5bbb8f10df47',24);
INSERT INTO token_blacklist_outstandingtoken VALUES('eyJhbGciOiJIUzI1NiIsInR5cCI6IkpXVCJ9.eyJ0b2tlbl90eXBlIjoicmVmcmVzaCIsImV4cCI6MTc0MjAzNjgyNCwiaWF0IjoxNzQwODI3MjI0LCJqdGkiOiJkOTc2MzQ0M2FiOTU0MWUxOGRiZmVmZDcwNmZjYjQ2NiIsInVzZXJfaWQiOjF9.SAJcHg-QRpMfMYtj-BEAM3wxxA7xY_gNUfE6W12ACaE','2025-03-01 11:07:04.483246','2025-03-15 11:07:04',1,'d9763443ab9541e18dbfefd706fcb466',25);
INSERT INTO token_blacklist_outstandingtoken VALUES('eyJhbGciOiJIUzI1NiIsInR5cCI6IkpXVCJ9.eyJ0b2tlbl90eXBlIjoicmVmcmVzaCIsImV4cCI6MTc0MjAzODc5OCwiaWF0IjoxNzQwODI5MTk4LCJqdGkiOiJjOWNhZWUyNDQzODU0N2Y3YWJmYTg3NDk2YzU4MjBkYiIsInVzZXJfaWQiOjF9.akhhm3igiTOq1k3jNjU6UHzPvAiZnt4pzaV_urgiDoE','2025-03-01 11:39:58.274409','2025-03-15 11:39:58',1,'c9caee24438547f7abfa87496c5820db',26);
INSERT INTO token_blacklist_outstandingtoken VALUES('eyJhbGciOiJIUzI1NiIsInR5cCI6IkpXVCJ9.eyJ0b2tlbl90eXBlIjoicmVmcmVzaCIsImV4cCI6MTc0MjAzODk5NSwiaWF0IjoxNzQwODI5Mzk1LCJqdGkiOiJmYjMyMDhjNDExNWE0NTY3YjAzNTkzZGYwYmRiZjQyYSIsInVzZXJfaWQiOjF9.aqK4KFo3J-IQxYfCRUo91r-L2cjwL9BmgRmRYVP93Tw','2025-03-01 11:43:15.556890','2025-03-15 11:43:15',1,'fb3208c4115a4567b03593df0bdbf42a',27);
INSERT INTO token_blacklist_outstandingtoken VALUES('eyJhbGciOiJIUzI1NiIsInR5cCI6IkpXVCJ9.eyJ0b2tlbl90eXBlIjoicmVmcmVzaCIsImV4cCI6MTc0MjAzODk5NSwiaWF0IjoxNzQwODI5Mzk1LCJqdGkiOiJhODc1MTIyODBmNWU0MjQzOTVkY2RiNmRiMWVlYTdhNiIsInVzZXJfaWQiOjF9.Cs8eEBqbh7NCvfEybUDoX_XfpnBmX8L6m-wI4SLraos','2025-03-01 11:43:15.594140','2025-03-15 11:43:15',1,'a87512280f5e424395dcdb6db1eea7a6',28);
INSERT INTO token_blacklist_outstandingtoken VALUES('eyJhbGciOiJIUzI1NiIsInR5cCI6IkpXVCJ9.eyJ0b2tlbl90eXBlIjoicmVmcmVzaCIsImV4cCI6MTc0MjAzOTI2MSwiaWF0IjoxNzQwODI5NjYxLCJqdGkiOiI0NjU3YzRhYjQ5MmU0ZjM2YTFhMWVlNmQ4N2Q5NjgyNyIsInVzZXJfaWQiOjF9.qKdIeBEHp7OewVyGgHTsiNAmCmDO-yXPmgCZi6hI0d4','2025-03-01 11:47:41.754635','2025-03-15 11:47:41',1,'4657c4ab492e4f36a1a1ee6d87d96827',29);
INSERT INTO token_blacklist_outstandingtoken VALUES('eyJhbGciOiJIUzI1NiIsInR5cCI6IkpXVCJ9.eyJ0b2tlbl90eXBlIjoicmVmcmVzaCIsImV4cCI6MTc0MjAzOTQzOSwiaWF0IjoxNzQwODI5ODM5LCJqdGkiOiIyOGM0NzUxZDUyNDM0OWNiYTJiNzE5MzYxMjk1M2Y2MCIsInVzZXJfaWQiOjF9._L_jz4dITjvGvtM_uq9oFd_KvhABXvKfQajKqoWaujc','2025-03-01 11:50:39.666773','2025-03-15 11:50:39',1,'28c4751d524349cba2b7193612953f60',30);
INSERT INTO token_blacklist_outstandingtoken VALUES('eyJhbGciOiJIUzI1NiIsInR5cCI6IkpXVCJ9.eyJ0b2tlbl90eXBlIjoicmVmcmVzaCIsImV4cCI6MTc0MjA0MDY3MiwiaWF0IjoxNzQwODMxMDcyLCJqdGkiOiI0YzNmODY4NTJhZTQ0NzMyYjA0MmMxNDY4Njc1ZmYwMiIsInVzZXJfaWQiOjF9.2SEjkHeKeqiAr_PNQGgYiasNZrMC0obL9z4tcPeL_vA','2025-03-01 12:11:12.268611','2025-03-15 12:11:12',1,'4c3f86852ae44732b042c1468675ff02',31);
INSERT INTO token_blacklist_outstandingtoken VALUES('eyJhbGciOiJIUzI1NiIsInR5cCI6IkpXVCJ9.eyJ0b2tlbl90eXBlIjoicmVmcmVzaCIsImV4cCI6MTc0MjA0MDY5OCwiaWF0IjoxNzQwODMxMDk4LCJqdGkiOiJhMDFiZmRjMWYyOTg0ODJjYTVhNzFlMjBhNmFhMDNjNiIsInVzZXJfaWQiOjF9.uG0CSIJZ531o5LRANp8_mQPb4eeyhPdbGDvaCXYTVKE','2025-03-01 12:11:38.860797','2025-03-15 12:11:38',1,'a01bfdc1f298482ca5a71e20a6aa03c6',32);
INSERT INTO token_blacklist_outstandingtoken VALUES('eyJhbGciOiJIUzI1NiIsInR5cCI6IkpXVCJ9.eyJ0b2tlbl90eXBlIjoicmVmcmVzaCIsImV4cCI6MTc0MjA0MDc2MSwiaWF0IjoxNzQwODMxMTYxLCJqdGkiOiI5ODgxZTY5ZjYwNGE0ZGVlYTI4MTUxNjIwYzQ1NWIxMSIsInVzZXJfaWQiOjF9.ff5COT6yCEONKf86ZuPqY3ZZKEfXcFuDODbFb8o1pcU','2025-03-01 12:12:41.001240','2025-03-15 12:12:41',1,'9881e69f604a4deea28151620c455b11',33);
INSERT INTO token_blacklist_outstandingtoken VALUES('eyJhbGciOiJIUzI1NiIsInR5cCI6IkpXVCJ9.eyJ0b2tlbl90eXBlIjoicmVmcmVzaCIsImV4cCI6MTc0MjA0MTY4MCwiaWF0IjoxNzQwODMyMDgwLCJqdGkiOiI4YzJjNGZhNDIzNGE0NjJkODY4ODRhMzE2OWIzYTBjMCIsInVzZXJfaWQiOjF9.r6xJrFSwfW68UX-WxBzZwrmHIQAG0wBsaeN3MDipG1s','2025-03-01 12:28:00.821543','2025-03-15 12:28:00',1,'8c2c4fa4234a462d86884a3169b3a0c0',34);
INSERT INTO token_blacklist_outstandingtoken VALUES('eyJhbGciOiJIUzI1NiIsInR5cCI6IkpXVCJ9.eyJ0b2tlbl90eXBlIjoicmVmcmVzaCIsImV4cCI6MTc0Mjg4NTU1NiwiaWF0IjoxNzQxNjc1OTU2LCJqdGkiOiI5YWRmYTI2M2JjMDU0MTAyYTg4OGI1YjBiZGIzZTk3ZiIsInVzZXJfaWQiOjE3fQ.CrOUhQwXnk95zQhOxPW_mHJyEld_zhZhkrZw-dgA85Q','2025-03-11 06:52:36.604658','2025-03-25 06:52:36',17,'9adfa263bc054102a888b5b0bdb3e97f',35);
INSERT INTO token_blacklist_outstandingtoken VALUES('eyJhbGciOiJIUzI1NiIsInR5cCI6IkpXVCJ9.eyJ0b2tlbl90eXBlIjoicmVmcmVzaCIsImV4cCI6MTc0Mjg4NTU1NywiaWF0IjoxNzQxNjc1OTU3LCJqdGkiOiIzYzE0NzUzNmI4OTk0NTEzYTk2YzdkNzVjODdhNmM3NSIsInVzZXJfaWQiOjE3fQ.0CE9AmJJxnaJAf110VkpagXLjI7HvTiy4NcCi1cl1sY','2025-03-11 06:52:37.132994','2025-03-25 06:52:37',17,'3c147536b8994513a96c7d75c87a6c75',36);
INSERT INTO token_blacklist_outstandingtoken VALUES('eyJhbGciOiJIUzI1NiIsInR5cCI6IkpXVCJ9.eyJ0b2tlbl90eXBlIjoicmVmcmVzaCIsImV4cCI6MTc0Mjg5ODAxMSwiaWF0IjoxNzQxNjg4NDExLCJqdGkiOiJiOGQxMWYzZjRlMDk0OTMyYTAxMjUwN2FjNTIzNjM0NSIsInVzZXJfaWQiOjF9.wpYMAOBkDzo8-9On5Eh4Xldr3J_KpKG2-NqSIgOHBOM','2025-03-11 10:20:11.596926','2025-03-25 10:20:11',1,'b8d11f3f4e094932a012507ac5236345',37);
INSERT INTO token_blacklist_outstandingtoken VALUES('eyJhbGciOiJIUzI1NiIsInR5cCI6IkpXVCJ9.eyJ0b2tlbl90eXBlIjoicmVmcmVzaCIsImV4cCI6MTc0Mjg5ODAxMiwiaWF0IjoxNzQxNjg4NDEyLCJqdGkiOiIzOGE5OTk2YmI3MjA0NzE5OTE4Y2M2N2U3OWQ5YjllZSIsInVzZXJfaWQiOjF9.Cyy3Oz4lnNAAqprpflJk1IGkAqv0eSTZFibQC9Z0gPQ','2025-03-11 10:20:12.103041','2025-03-25 10:20:12',1,'38a9996bb7204719918cc67e79d9b9ee',38);
INSERT INTO token_blacklist_outstandingtoken VALUES('eyJhbGciOiJIUzI1NiIsInR5cCI6IkpXVCJ9.eyJ0b2tlbl90eXBlIjoicmVmcmVzaCIsImV4cCI6MTc0Mjg5ODY2MCwiaWF0IjoxNzQxNjg5MDYwLCJqdGkiOiJlNGRkYTkyMDE3YjQ0M2MwYWJkZDVjODk5Mzk5ZjE1NSIsInVzZXJfaWQiOjF9.1Ck6gOJeJqqFw5vSJqBonDea-ZmDF35lZdmAwDn3aro','2025-03-11 10:31:00.525556','2025-03-25 10:31:00',1,'e4dda92017b443c0abdd5c899399f155',39);
INSERT INTO token_blacklist_outstandingtoken VALUES('eyJhbGciOiJIUzI1NiIsInR5cCI6IkpXVCJ9.eyJ0b2tlbl90eXBlIjoicmVmcmVzaCIsImV4cCI6MTc0Mjg5ODY2MSwiaWF0IjoxNzQxNjg5MDYxLCJqdGkiOiJkY2IzMjU2ZmFjNzg0YmRkOWQwMDJiNzZmY2U5ZGFmMyIsInVzZXJfaWQiOjF9.1AlCkxhQoUEQoFBvccneG8So4RTYNQGBlUH11bab0bw','2025-03-11 10:31:01.094661','2025-03-25 10:31:01',1,'dcb3256fac784bdd9d002b76fce9daf3',40);
INSERT INTO token_blacklist_outstandingtoken VALUES('eyJhbGciOiJIUzI1NiIsInR5cCI6IkpXVCJ9.eyJ0b2tlbl90eXBlIjoicmVmcmVzaCIsImV4cCI6MTc0Mjg5ODc1OCwiaWF0IjoxNzQxNjg5MTU4LCJqdGkiOiI2ZjAyMDU1MDA5NWU0MTE3ODVlM2VjODg0MjU2NTIzNiIsInVzZXJfaWQiOjF9.dG4kXdY4of6sVik_JOWK2GfdCcmPtfS83xWe28V145E','2025-03-11 10:32:38.911788','2025-03-25 10:32:38',1,'6f020550095e411785e3ec8842565236',41);
INSERT INTO token_blacklist_outstandingtoken VALUES('eyJhbGciOiJIUzI1NiIsInR5cCI6IkpXVCJ9.eyJ0b2tlbl90eXBlIjoicmVmcmVzaCIsImV4cCI6MTc0Mjg5ODc1OSwiaWF0IjoxNzQxNjg5MTU5LCJqdGkiOiI0MTBkYWQ2ZTFjMTU0YjcyYmQ5ZWEzOWFlZGY2MDk4OSIsInVzZXJfaWQiOjF9.UbgKhoZ7wBEwIoKxhPrWi2pLsJG7YNLHZDmnPtY4Tnk','2025-03-11 10:32:39.434703','2025-03-25 10:32:39',1,'410dad6e1c154b72bd9ea39aedf60989',42);
INSERT INTO token_blacklist_outstandingtoken VALUES('eyJhbGciOiJIUzI1NiIsInR5cCI6IkpXVCJ9.eyJ0b2tlbl90eXBlIjoicmVmcmVzaCIsImV4cCI6MTc0Mjg5ODg0OCwiaWF0IjoxNzQxNjg5MjQ4LCJqdGkiOiIyMWEyOTQyMWVmMjY0M2Q2YWQyMzVmNjkxMWM1NDUzZCIsInVzZXJfaWQiOjE3fQ.ZKSEk8qfyj-83RZMQNuqRW-bYtpmnbcvm5N1iB5Qk5M','2025-03-11 10:34:08.455695','2025-03-25 10:34:08',17,'21a29421ef2643d6ad235f6911c5453d',43);
INSERT INTO token_blacklist_outstandingtoken VALUES('eyJhbGciOiJIUzI1NiIsInR5cCI6IkpXVCJ9.eyJ0b2tlbl90eXBlIjoicmVmcmVzaCIsImV4cCI6MTc0Mjg5ODg0OCwiaWF0IjoxNzQxNjg5MjQ4LCJqdGkiOiIxODk4NTQ4YWVlODU0YmNlYjkwNDQ0ZjRjNGZkMTdlZSIsInVzZXJfaWQiOjE3fQ.o8OCE7ltyp294H9RnkByLNcebbgPM_Q2-BEZVPFjyxE','2025-03-11 10:34:08.975386','2025-03-25 10:34:08',17,'1898548aee854bceb90444f4c4fd17ee',44);
INSERT INTO token_blacklist_outstandingtoken VALUES('eyJhbGciOiJIUzI1NiIsInR5cCI6IkpXVCJ9.eyJ0b2tlbl90eXBlIjoicmVmcmVzaCIsImV4cCI6MTc0MjkwMjE3NiwiaWF0IjoxNzQxNjkyNTc2LCJqdGkiOiIyNjEzMWEzYjUyOTk0Njk5YmU5YmZlMTRmM2FiMTkxMCIsInVzZXJfaWQiOjF9.FX2fwUne7-RNwWExcM4FVLJlUAOnKmC3RJ5GhDRaKrg','2025-03-11 11:29:36.087757','2025-03-25 11:29:36',1,'26131a3b52994699be9bfe14f3ab1910',45);
INSERT INTO token_blacklist_outstandingtoken VALUES('eyJhbGciOiJIUzI1NiIsInR5cCI6IkpXVCJ9.eyJ0b2tlbl90eXBlIjoicmVmcmVzaCIsImV4cCI6MTc0MjkwMjE3NiwiaWF0IjoxNzQxNjkyNTc2LCJqdGkiOiJkNWM5OTRhNzFhMzQ0OTkwOGFiZjkyNmJjZmJjMDk1MSIsInVzZXJfaWQiOjF9.5w0mDE_0nt2idT2-sJmveZ6awpM0RggFpxn-OXSkGDg','2025-03-11 11:29:36.621040','2025-03-25 11:29:36',1,'d5c994a71a3449908abf926bcfbc0951',46);
INSERT INTO token_blacklist_outstandingtoken VALUES('eyJhbGciOiJIUzI1NiIsInR5cCI6IkpXVCJ9.eyJ0b2tlbl90eXBlIjoicmVmcmVzaCIsImV4cCI6MTc0MjkwMzAxNSwiaWF0IjoxNzQxNjkzNDE1LCJqdGkiOiIyMmRmZGNlYWVhZTc0NTY2ODNhNGE5MTQ1OTJhZTkxZiIsInVzZXJfaWQiOjF9.l4t6OwLsMmwpcIAnUBg9Bk5j3dXQjzojiqNxeNtk_sI','2025-03-11 11:43:35.087117','2025-03-25 11:43:35',1,'22dfdceaeae7456683a4a914592ae91f',47);
INSERT INTO token_blacklist_outstandingtoken VALUES('eyJhbGciOiJIUzI1NiIsInR5cCI6IkpXVCJ9.eyJ0b2tlbl90eXBlIjoicmVmcmVzaCIsImV4cCI6MTc0MjkwMzAxNSwiaWF0IjoxNzQxNjkzNDE1LCJqdGkiOiIzMjI1OGE0NTM5M2Q0NDVlOWJmNGMzNmRhN2U1ZGUyNCIsInVzZXJfaWQiOjF9.2tSPqvOu4L7RH9mvDKrQrpcg0avRbJY_rHST8irKO8Y','2025-03-11 11:43:35.625410','2025-03-25 11:43:35',1,'32258a45393d445e9bf4c36da7e5de24',48);
INSERT INTO token_blacklist_outstandingtoken VALUES('eyJhbGciOiJIUzI1NiIsInR5cCI6IkpXVCJ9.eyJ0b2tlbl90eXBlIjoicmVmcmVzaCIsImV4cCI6MTc0MjkwMzI1MCwiaWF0IjoxNzQxNjkzNjUwLCJqdGkiOiJjYTM4ZmE5ODljMDk0ZjExOTVmYmM0ZDBlOGIwYjIxMyIsInVzZXJfaWQiOjF9.v8vddnPbgBVtWOhHRUyo3_6D3PlWULP9TVytaVXBg4k','2025-03-11 11:47:30.501094','2025-03-25 11:47:30',1,'ca38fa989c094f1195fbc4d0e8b0b213',49);
INSERT INTO token_blacklist_outstandingtoken VALUES('eyJhbGciOiJIUzI1NiIsInR5cCI6IkpXVCJ9.eyJ0b2tlbl90eXBlIjoicmVmcmVzaCIsImV4cCI6MTc0MjkwMzI1MSwiaWF0IjoxNzQxNjkzNjUxLCJqdGkiOiI2ODk1MmIxYmE5Y2Q0OWQ5YTNjNDEyOWNjYmIyOTI2NCIsInVzZXJfaWQiOjF9.Nfi0zmOsBrvdP12tt2ZqhRdzk-9OzEfPO69YwTKUCyI','2025-03-11 11:47:31.014857','2025-03-25 11:47:31',1,'68952b1ba9cd49d9a3c4129ccbb29264',50);
INSERT INTO token_blacklist_outstandingtoken VALUES('eyJhbGciOiJIUzI1NiIsInR5cCI6IkpXVCJ9.eyJ0b2tlbl90eXBlIjoicmVmcmVzaCIsImV4cCI6MTc0Mjk2MzA4OCwiaWF0IjoxNzQxNzUzNDg4LCJqdGkiOiJkMmU3NjdiMTEyYTM0YTE0OTU1OTFlYTQxZTViNTE2MiIsInVzZXJfaWQiOjE3fQ.gRDODk8Bm-Vqul5e1HWXiBQIAwjj09C59iIAXNz8lus','2025-03-12 04:24:48.342160','2025-03-26 04:24:48',17,'d2e767b112a34a1495591ea41e5b5162',51);
INSERT INTO token_blacklist_outstandingtoken VALUES('eyJhbGciOiJIUzI1NiIsInR5cCI6IkpXVCJ9.eyJ0b2tlbl90eXBlIjoicmVmcmVzaCIsImV4cCI6MTc0Mjk2MzA4OCwiaWF0IjoxNzQxNzUzNDg4LCJqdGkiOiJjMzAwZjQwZDcwZWE0OWU1YjI1N2I5MjQ3MjBjYTVlYSIsInVzZXJfaWQiOjE3fQ.eznfqCVqHSRFekXAdKZJpTkclOHzph9bQkO-iOL8AYs','2025-03-12 04:24:48.939955','2025-03-26 04:24:48',17,'c300f40d70ea49e5b257b924720ca5ea',52);
INSERT INTO token_blacklist_outstandingtoken VALUES('eyJhbGciOiJIUzI1NiIsInR5cCI6IkpXVCJ9.eyJ0b2tlbl90eXBlIjoicmVmcmVzaCIsImV4cCI6MTc0Mjk2NDMwMCwiaWF0IjoxNzQxNzU0NzAwLCJqdGkiOiI5M2M3M2QwNzhlOTA0N2FjODg4ODcxMjg0NTQ5MDc1MiIsInVzZXJfaWQiOjE3fQ.gKIvKlbjrWLlpqohvZnMNJYHonpTDWKns1NfqnfxNAI','2025-03-12 04:45:00.935715','2025-03-26 04:45:00',17,'93c73d078e9047ac8888712845490752',53);
INSERT INTO token_blacklist_outstandingtoken VALUES('eyJhbGciOiJIUzI1NiIsInR5cCI6IkpXVCJ9.eyJ0b2tlbl90eXBlIjoicmVmcmVzaCIsImV4cCI6MTc0Mjk2NDMwMSwiaWF0IjoxNzQxNzU0NzAxLCJqdGkiOiJhYmNhNzUxMDMyOGE0YTJlYWI2ZGMzOGNjNjA2M2YwYiIsInVzZXJfaWQiOjE3fQ.6uVGEUwgQP6oxmCVyo_cJ72v9PzRW0AsFNKYsWABGkU','2025-03-12 04:45:01.488949','2025-03-26 04:45:01',17,'abca7510328a4a2eab6dc38cc6063f0b',54);
INSERT INTO token_blacklist_outstandingtoken VALUES('eyJhbGciOiJIUzI1NiIsInR5cCI6IkpXVCJ9.eyJ0b2tlbl90eXBlIjoicmVmcmVzaCIsImV4cCI6MTc0MzE0NTcxMSwiaWF0IjoxNzQxOTM2MTExLCJqdGkiOiI0MGU5NmNiZjdiMTc0M2I3Yjc5ZDZmMGM5MTM0MmJlYiIsInVzZXJfaWQiOjE3fQ.TpHCO7MtkGHlCFuevPu99JR8ZbvbE-eislWL5EYk3NY','2025-03-14 07:08:31.466060','2025-03-28 07:08:31',17,'40e96cbf7b1743b7b79d6f0c91342beb',55);
INSERT INTO token_blacklist_outstandingtoken VALUES('eyJhbGciOiJIUzI1NiIsInR5cCI6IkpXVCJ9.eyJ0b2tlbl90eXBlIjoicmVmcmVzaCIsImV4cCI6MTc0MzE0NTcxNCwiaWF0IjoxNzQxOTM2MTE0LCJqdGkiOiJlYzQwNGQwZDYwNzE0MGVhYjE0ZjFlOTRkMDAzYzcxMCIsInVzZXJfaWQiOjE3fQ.sjnsc-gMGwi1ilzpl-_pWi083RKxUVusFDb7chgZOu0','2025-03-14 07:08:34.043552','2025-03-28 07:08:34',17,'ec404d0d607140eab14f1e94d003c710',56);
INSERT INTO token_blacklist_outstandingtoken VALUES('eyJhbGciOiJIUzI1NiIsInR5cCI6IkpXVCJ9.eyJ0b2tlbl90eXBlIjoicmVmcmVzaCIsImV4cCI6MTc0MzE0NTgzMSwiaWF0IjoxNzQxOTM2MjMxLCJqdGkiOiIzZjQ1NjBlYTdkOTA0ZjhmOWYzNTg0ZGUwZjJhZDRjZiIsInVzZXJfaWQiOjF9.AOBK-rOJSaqbYpoNy82Aw8eXlzAhHMSlPWibFjg6N0A','2025-03-14 07:10:31.250621','2025-03-28 07:10:31',1,'3f4560ea7d904f8f9f3584de0f2ad4cf',57);
INSERT INTO token_blacklist_outstandingtoken VALUES('eyJhbGciOiJIUzI1NiIsInR5cCI6IkpXVCJ9.eyJ0b2tlbl90eXBlIjoicmVmcmVzaCIsImV4cCI6MTc0MzE0NTgzMiwiaWF0IjoxNzQxOTM2MjMyLCJqdGkiOiI1MmUxYTc3ODc1YTE0YTNlYTYxNzMxNWUyNTg0ZDdkMyIsInVzZXJfaWQiOjF9.-H7bEG-AgwU2LjXld6BFcK7_SCR7TH2ZY607GEgnfxo','2025-03-14 07:10:32.927147','2025-03-28 07:10:32',1,'52e1a77875a14a3ea617315e2584d7d3',58);
INSERT INTO token_blacklist_outstandingtoken VALUES('eyJhbGciOiJIUzI1NiIsInR5cCI6IkpXVCJ9.eyJ0b2tlbl90eXBlIjoicmVmcmVzaCIsImV4cCI6MTc0MzE0NjE4OCwiaWF0IjoxNzQxOTM2NTg4LCJqdGkiOiI2MWEzZDdmZGU3YjA0NmM2YTUwNWM0ZTc5Zjc4ODlkNSIsInVzZXJfaWQiOjI1fQ.YbBQlRACYTsBpOapBpnLYjUFvQJdM3CJ9TKSm7PC5QY','2025-03-14 07:16:28.181675','2025-03-28 07:16:28',NULL,'61a3d7fde7b046c6a505c4e79f7889d5',59);
INSERT INTO token_blacklist_outstandingtoken VALUES('eyJhbGciOiJIUzI1NiIsInR5cCI6IkpXVCJ9.eyJ0b2tlbl90eXBlIjoicmVmcmVzaCIsImV4cCI6MTc0MzE0NjE4OSwiaWF0IjoxNzQxOTM2NTg5LCJqdGkiOiIxOTM3MGQyMzE3Y2M0ZDU2OGFiODg2MmM0N2ExOTY0MiIsInVzZXJfaWQiOjI1fQ.chocEBpGbb_59SesrM1ecNpkbTK90YhLT8LS__k3FZw','2025-03-14 07:16:29.722682','2025-03-28 07:16:29',NULL,'19370d2317cc4d568ab8862c47a19642',60);
INSERT INTO token_blacklist_outstandingtoken VALUES('eyJhbGciOiJIUzI1NiIsInR5cCI6IkpXVCJ9.eyJ0b2tlbl90eXBlIjoicmVmcmVzaCIsImV4cCI6MTc0MzE0NjI1MSwiaWF0IjoxNzQxOTM2NjUxLCJqdGkiOiJlZDYzYmFjZGFhYzE0YTlmYmFhMmU2M2I3NmYyMmNhZCIsInVzZXJfaWQiOjI0fQ.BbfKT6QkiHFIJIahhs30sOvO9qMUdbvS7yevIqpzuRU','2025-03-14 07:17:31.571242','2025-03-28 07:17:31',NULL,'ed63bacdaac14a9fbaa2e63b76f22cad',61);
INSERT INTO token_blacklist_outstandingtoken VALUES('eyJhbGciOiJIUzI1NiIsInR5cCI6IkpXVCJ9.eyJ0b2tlbl90eXBlIjoicmVmcmVzaCIsImV4cCI6MTc0MzE0NjI1MywiaWF0IjoxNzQxOTM2NjUzLCJqdGkiOiI0MTQwMzZiN2ZjNGM0ZDM3ODAyZjM3ODcwYzNkY2RjYSIsInVzZXJfaWQiOjI0fQ.MGvpKI1I52-JQ6ACKxscC6pawE8XaMWdlBSLLgu-8js','2025-03-14 07:17:33.436191','2025-03-28 07:17:33',NULL,'414036b7fc4c4d37802f37870c3dcdca',62);
INSERT INTO token_blacklist_outstandingtoken VALUES('eyJhbGciOiJIUzI1NiIsInR5cCI6IkpXVCJ9.eyJ0b2tlbl90eXBlIjoicmVmcmVzaCIsImV4cCI6MTc0MzE0NjI5NywiaWF0IjoxNzQxOTM2Njk3LCJqdGkiOiIxYmY1ZDBhYjdhNTY0ZWE1YTI0ZDUzMzY5NmU3MDg0NCIsInVzZXJfaWQiOjI0fQ.jVCosPiSHMbK93UkSlCgRAmFzT4iAScN3_edNpYck98','2025-03-14 07:18:17.577792','2025-03-28 07:18:17',NULL,'1bf5d0ab7a564ea5a24d533696e70844',63);
INSERT INTO token_blacklist_outstandingtoken VALUES('eyJhbGciOiJIUzI1NiIsInR5cCI6IkpXVCJ9.eyJ0b2tlbl90eXBlIjoicmVmcmVzaCIsImV4cCI6MTc0MzE0NjI5OSwiaWF0IjoxNzQxOTM2Njk5LCJqdGkiOiIzZTNlNmY2NzcyZjg0ODgxYTA2OTc4N2Q3NTRlZWJiYyIsInVzZXJfaWQiOjI0fQ.lHLQN_HBOn0hdhlbejQS_yhGagUe3c9p53nXxh07ckE','2025-03-14 07:18:19.534917','2025-03-28 07:18:19',NULL,'3e3e6f6772f84881a069787d754eebbc',64);
INSERT INTO token_blacklist_outstandingtoken VALUES('eyJhbGciOiJIUzI1NiIsInR5cCI6IkpXVCJ9.eyJ0b2tlbl90eXBlIjoicmVmcmVzaCIsImV4cCI6MTc0MzE0NjUxMSwiaWF0IjoxNzQxOTM2OTExLCJqdGkiOiIyMGUxOGYwOGQ5ODI0MGNhOGJlMGIzMGU3MjQ0ZGU2MiIsInVzZXJfaWQiOjI1fQ.rvcCOQQ3ix-faz4duuNt7kcCfeR8JkOwszl99ZVJIp4','2025-03-14 07:21:51.487825','2025-03-28 07:21:51',NULL,'20e18f08d98240ca8be0b30e7244de62',65);
INSERT INTO token_blacklist_outstandingtoken VALUES('eyJhbGciOiJIUzI1NiIsInR5cCI6IkpXVCJ9.eyJ0b2tlbl90eXBlIjoicmVmcmVzaCIsImV4cCI6MTc0MzE0NjUxMywiaWF0IjoxNzQxOTM2OTEzLCJqdGkiOiI0NzEzMjVmN2IwNjE0ODVhYjcwYThjMjE0ZjU5ZWRjMCIsInVzZXJfaWQiOjI1fQ.FjTqQsO7tyBjf_SmH3oAHxnT0KjPXVvGSp2Ka_ck_es','2025-03-14 07:21:53.382855','2025-03-28 07:21:53',NULL,'471325f7b061485ab70a8c214f59edc0',66);
INSERT INTO token_blacklist_outstandingtoken VALUES('eyJhbGciOiJIUzI1NiIsInR5cCI6IkpXVCJ9.eyJ0b2tlbl90eXBlIjoicmVmcmVzaCIsImV4cCI6MTc0MzE1NDczNywiaWF0IjoxNzQxOTQ1MTM3LCJqdGkiOiI1NzgwYTA1ODNiNjM0YjJlYjBkOWFlMTk2YjFmNmRmNiIsInVzZXJfaWQiOjMyfQ.FMitep-z1v6P9gklPgXXVAek-YR32x0ZMiq2ZBTG2F8','2025-03-14 09:38:57.594625','2025-03-28 09:38:57',NULL,'5780a0583b634b2eb0d9ae196b1f6df6',67);
INSERT INTO token_blacklist_outstandingtoken VALUES('eyJhbGciOiJIUzI1NiIsInR5cCI6IkpXVCJ9.eyJ0b2tlbl90eXBlIjoicmVmcmVzaCIsImV4cCI6MTc0MzE1NDczOSwiaWF0IjoxNzQxOTQ1MTM5LCJqdGkiOiIxYmViNGYyMDAzYjI0YWJhODRiM2RlMzU5MWFjMDNkMiIsInVzZXJfaWQiOjMyfQ.WR1aTzu4CaqWWPpbNa1tPchg4ZRCxm87odZyCLGSytA','2025-03-14 09:38:59.860222','2025-03-28 09:38:59',NULL,'1beb4f2003b24aba84b3de3591ac03d2',68);
INSERT INTO token_blacklist_outstandingtoken VALUES('eyJhbGciOiJIUzI1NiIsInR5cCI6IkpXVCJ9.eyJ0b2tlbl90eXBlIjoicmVmcmVzaCIsImV4cCI6MTc0MzE1NDkzOSwiaWF0IjoxNzQxOTQ1MzM5LCJqdGkiOiIwN2NhMTZiOTkyMDg0Mzc3ODRiMTI0NTg5NjBlOWU5NiIsInVzZXJfaWQiOjMzfQ.f8yPEoRGA5MD_6XSYs4q-hYg1ChQ14PzRvqGugjqjrs','2025-03-14 09:42:19.350163','2025-03-28 09:42:19',33,'07ca16b99208437784b12458960e9e96',69);
INSERT INTO token_blacklist_outstandingtoken VALUES('eyJhbGciOiJIUzI1NiIsInR5cCI6IkpXVCJ9.eyJ0b2tlbl90eXBlIjoicmVmcmVzaCIsImV4cCI6MTc0MzE1NDk0MSwiaWF0IjoxNzQxOTQ1MzQxLCJqdGkiOiJlYjFlOWViN2NlZTE0MmM1OWQ0OTEyMzU2ZGU4Y2UzYyIsInVzZXJfaWQiOjMzfQ.GnSlwo3v5NTtY-71M-9Hs6eQ701BsLWs6ncwYsMncaM','2025-03-14 09:42:21.414536','2025-03-28 09:42:21',33,'eb1e9eb7cee142c59d4912356de8ce3c',70);
INSERT INTO token_blacklist_outstandingtoken VALUES('eyJhbGciOiJIUzI1NiIsInR5cCI6IkpXVCJ9.eyJ0b2tlbl90eXBlIjoicmVmcmVzaCIsImV4cCI6MTc0MzE1NTE3MCwiaWF0IjoxNzQxOTQ1NTcwLCJqdGkiOiJmOGMxNzk5NmRkODk0Y2E5YmY4OTk3ZDUxMTkwNDc5NCIsInVzZXJfaWQiOjF9.DrDYfQh6pF1LViPwtQe8rMF-lgAXLzvhI6GguxeMdLM','2025-03-14 09:46:10.788014','2025-03-28 09:46:10',1,'f8c17996dd894ca9bf8997d511904794',71);
INSERT INTO token_blacklist_outstandingtoken VALUES('eyJhbGciOiJIUzI1NiIsInR5cCI6IkpXVCJ9.eyJ0b2tlbl90eXBlIjoicmVmcmVzaCIsImV4cCI6MTc0MzE1NTE3MiwiaWF0IjoxNzQxOTQ1NTcyLCJqdGkiOiJmNDAzOTE1NDU1MzM0Y2Y0YTNhYWFiZWNlY2UxNWI0ZiIsInVzZXJfaWQiOjF9.oK9AlHSp-dJLrhzgGInyhzwgrOUU4S40JNQdabQKsdI','2025-03-14 09:46:12.864280','2025-03-28 09:46:12',1,'f403915455334cf4a3aaabecece15b4f',72);
INSERT INTO token_blacklist_outstandingtoken VALUES('eyJhbGciOiJIUzI1NiIsInR5cCI6IkpXVCJ9.eyJ0b2tlbl90eXBlIjoicmVmcmVzaCIsImV4cCI6MTc0MzE1NjA2NiwiaWF0IjoxNzQxOTQ2NDY2LCJqdGkiOiIwYjVjYTllMTA5NzY0ZDBkYjlhNTM3Y2ZkMzg2ZmZhMCIsInVzZXJfaWQiOjMzfQ.pB87BXUlV6hFcglixfz8KK-beUDWcInUOZagn07pwcs','2025-03-14 10:01:06.976267','2025-03-28 10:01:06',33,'0b5ca9e109764d0db9a537cfd386ffa0',73);
INSERT INTO token_blacklist_outstandingtoken VALUES('eyJhbGciOiJIUzI1NiIsInR5cCI6IkpXVCJ9.eyJ0b2tlbl90eXBlIjoicmVmcmVzaCIsImV4cCI6MTc0MzE1NjA2OSwiaWF0IjoxNzQxOTQ2NDY5LCJqdGkiOiI4NTQ3OTY3NTY3N2E0ODA3YWE4NjU3MzU0NjZkMjQwNCIsInVzZXJfaWQiOjMzfQ.cD8nv2jwO1qjzQ7JLEPWRe5UsyRN50yiWQH7r4NUhvI','2025-03-14 10:01:09.054427','2025-03-28 10:01:09',33,'85479675677a4807aa865735466d2404',74);
INSERT INTO token_blacklist_outstandingtoken VALUES('eyJhbGciOiJIUzI1NiIsInR5cCI6IkpXVCJ9.eyJ0b2tlbl90eXBlIjoicmVmcmVzaCIsImV4cCI6MTc0MzE1NjQ4NCwiaWF0IjoxNzQxOTQ2ODg0LCJqdGkiOiI1M2EyN2NkNjkzOTk0ODQ1YjFlZTI5ZmQ0OWZmNzI3MyIsInVzZXJfaWQiOjE3fQ.cj9KiMrPIlSj_0KlAy_4rWEQAACbi5Xco2i_CPWBpW8','2025-03-14 10:08:04.174242','2025-03-28 10:08:04',17,'53a27cd693994845b1ee29fd49ff7273',75);
INSERT INTO token_blacklist_outstandingtoken VALUES('eyJhbGciOiJIUzI1NiIsInR5cCI6IkpXVCJ9.eyJ0b2tlbl90eXBlIjoicmVmcmVzaCIsImV4cCI6MTc0MzE1NjQ4NiwiaWF0IjoxNzQxOTQ2ODg2LCJqdGkiOiJlOWMxNzRiYTVhYjM0YTUzYWM2YjhhMjc0YmE1OWVkOSIsInVzZXJfaWQiOjE3fQ.5DarvB5P_2FdTGCvkFDKnj2zL_kuaQ_q-orqBFjmZ4A','2025-03-14 10:08:06.603815','2025-03-28 10:08:06',17,'e9c174ba5ab34a53ac6b8a274ba59ed9',76);
INSERT INTO token_blacklist_outstandingtoken VALUES('eyJhbGciOiJIUzI1NiIsInR5cCI6IkpXVCJ9.eyJ0b2tlbl90eXBlIjoicmVmcmVzaCIsImV4cCI6MTc0MzE1ODE4MywiaWF0IjoxNzQxOTQ4NTgzLCJqdGkiOiJjZWRkNmFjYWUzZmM0YzFmOTcyN2M2MDE2NzUyMGQ0NCIsInVzZXJfaWQiOjM2fQ.iJQqbVFnqrRNHI5hvON23AkxdcsiVuB0CQiR8rUbt3k','2025-03-14 10:36:23.030285','2025-03-28 10:36:23',36,'cedd6acae3fc4c1f9727c60167520d44',77);
INSERT INTO token_blacklist_outstandingtoken VALUES('eyJhbGciOiJIUzI1NiIsInR5cCI6IkpXVCJ9.eyJ0b2tlbl90eXBlIjoicmVmcmVzaCIsImV4cCI6MTc0MzE1ODE4NCwiaWF0IjoxNzQxOTQ4NTg0LCJqdGkiOiJmY2RkYTY4OGJlNWE0MzRmYjU5OTIzN2EyMzQ4ODIzNiIsInVzZXJfaWQiOjM2fQ.e-h9__0ngrCkAAKYE2w8u25HmW_J8-ECK0GahOkp9-g','2025-03-14 10:36:24.767898','2025-03-28 10:36:24',36,'fcdda688be5a434fb599237a23488236',78);
INSERT INTO token_blacklist_outstandingtoken VALUES('eyJhbGciOiJIUzI1NiIsInR5cCI6IkpXVCJ9.eyJ0b2tlbl90eXBlIjoicmVmcmVzaCIsImV4cCI6MTc0MzE2MTE1MSwiaWF0IjoxNzQxOTUxNTUxLCJqdGkiOiJiMTY2NmI4ZDg0MjU0NTA3ODRlOWJhNmY4YjdlYzkyYiIsInVzZXJfaWQiOjM3fQ.QTx9Z68-zUo3tcZGmjZOUIcCoRZ5gjeDEKd68Kn_V4w','2025-03-14 11:25:51.747026','2025-03-28 11:25:51',NULL,'b1666b8d8425450784e9ba6f8b7ec92b',79);
INSERT INTO token_blacklist_outstandingtoken VALUES('eyJhbGciOiJIUzI1NiIsInR5cCI6IkpXVCJ9.eyJ0b2tlbl90eXBlIjoicmVmcmVzaCIsImV4cCI6MTc0MzE2MTE1MywiaWF0IjoxNzQxOTUxNTUzLCJqdGkiOiIyNWJjNTE1ZmNmNWY0MDk2YmJhNTcyNTkwMTA2MzgxNSIsInVzZXJfaWQiOjM3fQ.RT9qqQo1bln1omCNd0PNDjU_xRmSkMFBU6Kl2FfoqxI','2025-03-14 11:25:53.703575','2025-03-28 11:25:53',NULL,'25bc515fcf5f4096bba5725901063815',80);
INSERT INTO token_blacklist_outstandingtoken VALUES('eyJhbGciOiJIUzI1NiIsInR5cCI6IkpXVCJ9.eyJ0b2tlbl90eXBlIjoicmVmcmVzaCIsImV4cCI6MTc0MzE2MjA5OSwiaWF0IjoxNzQxOTUyNDk5LCJqdGkiOiIzMjc4ZWY4NjRjNjE0ZDQ2OTMyZTFhYjc2NDU1M2NmNiIsInVzZXJfaWQiOjM4fQ.xLCw4b7GfNhqEOQ3OyBqAw7SV5JtZZhAvSyO7JdZLo0','2025-03-14 11:41:39.182313','2025-03-28 11:41:39',38,'3278ef864c614d46932e1ab764553cf6',81);
INSERT INTO token_blacklist_outstandingtoken VALUES('eyJhbGciOiJIUzI1NiIsInR5cCI6IkpXVCJ9.eyJ0b2tlbl90eXBlIjoicmVmcmVzaCIsImV4cCI6MTc0MzE2MjEyOSwiaWF0IjoxNzQxOTUyNTI5LCJqdGkiOiIxNjE0ZDUwN2Q5ZTA0ZWYyYWJmZDY4MzY3ODVmNTFhNSIsInVzZXJfaWQiOjM4fQ.fr6C22aObnULMDSf2larrFncSTgz-8k-NKUJH5WP2Fw','2025-03-14 11:42:09.042238','2025-03-28 11:42:09',38,'1614d507d9e04ef2abfd6836785f51a5',82);
INSERT INTO token_blacklist_outstandingtoken VALUES('eyJhbGciOiJIUzI1NiIsInR5cCI6IkpXVCJ9.eyJ0b2tlbl90eXBlIjoicmVmcmVzaCIsImV4cCI6MTc0MzE2MjEzMCwiaWF0IjoxNzQxOTUyNTMwLCJqdGkiOiJhZGZhZWE1ZWY1ZTc0MDJiOGU4Y2ZjYjYxYTg2ZGIyMyIsInVzZXJfaWQiOjM4fQ.rbnQKUDSsLYF_IwRCLOfnV4z-a-qOtPdyuWDJdl15MQ','2025-03-14 11:42:10.689265','2025-03-28 11:42:10',38,'adfaea5ef5e7402b8e8cfcb61a86db23',83);
INSERT INTO token_blacklist_outstandingtoken VALUES('eyJhbGciOiJIUzI1NiIsInR5cCI6IkpXVCJ9.eyJ0b2tlbl90eXBlIjoicmVmcmVzaCIsImV4cCI6MTc0MzE2NDc1NSwiaWF0IjoxNzQxOTU1MTU1LCJqdGkiOiIzYTIxNWFiZDM4ZGI0YTVjYWUwYjJiODMxYTJkZWMzMCIsInVzZXJfaWQiOjF9.7Y7KBVJW2gOMust-rP-BlGBXRnJTKWvuwGBgrMYc8mw','2025-03-14 12:25:55.018534','2025-03-28 12:25:55',1,'3a215abd38db4a5cae0b2b831a2dec30',84);
INSERT INTO token_blacklist_outstandingtoken VALUES('eyJhbGciOiJIUzI1NiIsInR5cCI6IkpXVCJ9.eyJ0b2tlbl90eXBlIjoicmVmcmVzaCIsImV4cCI6MTc0MzE2NDc2MCwiaWF0IjoxNzQxOTU1MTYwLCJqdGkiOiI4YzQ1ZTQ4MThjZTc0MTZhYjUxMDBlZjI5ZmE1NTBhZCIsInVzZXJfaWQiOjF9.oavssepX9WM9dPExyCzB_8rVrQZz_poJogQBbRkP0iE','2025-03-14 12:26:00.320538','2025-03-28 12:26:00',1,'8c45e4818ce7416ab5100ef29fa550ad',85);
INSERT INTO token_blacklist_outstandingtoken VALUES('eyJhbGciOiJIUzI1NiIsInR5cCI6IkpXVCJ9.eyJ0b2tlbl90eXBlIjoicmVmcmVzaCIsImV4cCI6MTc0MzQxNDk4NiwiaWF0IjoxNzQyMjA1Mzg2LCJqdGkiOiJkNDIwNDgwNDMyMmQ0YTBmOGU5Zjg1YTBhMDM3Yjc3YiIsInVzZXJfaWQiOjF9.qvYXo9vCzWMzRS1RzoSjY6fuw_VF-rkY22E4ea2hS1Y','2025-03-17 09:56:26.908972','2025-03-31 09:56:26',1,'d4204804322d4a0f8e9f85a0a037b77b',86);
INSERT INTO token_blacklist_outstandingtoken VALUES('eyJhbGciOiJIUzI1NiIsInR5cCI6IkpXVCJ9.eyJ0b2tlbl90eXBlIjoicmVmcmVzaCIsImV4cCI6MTc0MzQxNDk4OCwiaWF0IjoxNzQyMjA1Mzg4LCJqdGkiOiI1OWI2NWUwMWRjZjE0ZWFiOTk4NjY0NzFkODBhOGNkYyIsInVzZXJfaWQiOjF9.O4Eo6x7fYdk0qzw-bKHzWtCo9vXyoW_yG6IycBpuXl4','2025-03-17 09:56:28.210285','2025-03-31 09:56:28',1,'59b65e01dcf14eab99866471d80a8cdc',87);
INSERT INTO token_blacklist_outstandingtoken VALUES('eyJhbGciOiJIUzI1NiIsInR5cCI6IkpXVCJ9.eyJ0b2tlbl90eXBlIjoicmVmcmVzaCIsImV4cCI6MTc0MzQxODc1NSwiaWF0IjoxNzQyMjA5MTU1LCJqdGkiOiJhZmZjNGM3OGU4OGU0ODRlYWI0ZjJlMjAyZTFhM2YyMSIsInVzZXJfaWQiOjQ1fQ.yecGzJj7hHa2xVe_GhHjc9jLAuCNPKnS2LWcGrX6XA0','2025-03-17 10:59:15.054199','2025-03-31 10:59:15',45,'affc4c78e88e484eab4f2e202e1a3f21',88);
INSERT INTO token_blacklist_outstandingtoken VALUES('eyJhbGciOiJIUzI1NiIsInR5cCI6IkpXVCJ9.eyJ0b2tlbl90eXBlIjoicmVmcmVzaCIsImV4cCI6MTc0MzQxODg1OCwiaWF0IjoxNzQyMjA5MjU4LCJqdGkiOiJlZDgzYzYyNWQ5MGM0ZDI5OTQ0ODBkNDU2YWYwZjYyMyIsInVzZXJfaWQiOjQ1fQ.gTDXFkbepZfnFvEHbGkh2e-TfGznz6aQzKq5yGTvOws','2025-03-17 11:00:58.507986','2025-03-31 11:00:58',45,'ed83c625d90c4d2994480d456af0f623',89);
INSERT INTO token_blacklist_outstandingtoken VALUES('eyJhbGciOiJIUzI1NiIsInR5cCI6IkpXVCJ9.eyJ0b2tlbl90eXBlIjoicmVmcmVzaCIsImV4cCI6MTc0MzQxODg2MCwiaWF0IjoxNzQyMjA5MjYwLCJqdGkiOiJjMDUyM2QxZWNlODg0MjFmYmVmMDYwOGE2NDI5MTVkNCIsInVzZXJfaWQiOjQ1fQ.GNGNriBdYo9fWQDX1i4QVI-yFrnLFAoC6aZzB5OtI-A','2025-03-17 11:01:00.750266','2025-03-31 11:01:00',45,'c0523d1ece88421fbef0608a642915d4',90);
INSERT INTO token_blacklist_outstandingtoken VALUES('eyJhbGciOiJIUzI1NiIsInR5cCI6IkpXVCJ9.eyJ0b2tlbl90eXBlIjoicmVmcmVzaCIsImV4cCI6MTc0MzQxODk3NCwiaWF0IjoxNzQyMjA5Mzc0LCJqdGkiOiI5ZDhkYmU1MjgwNzc0NmUzYTczMmNkNWIwZWU1YTBmOCIsInVzZXJfaWQiOjF9.MvWPspyWtqqFFQVe_pY2J3cIdFRPFnBwzEDJL-sG1Pc','2025-03-17 11:02:54.721848','2025-03-31 11:02:54',1,'9d8dbe52807746e3a732cd5b0ee5a0f8',91);
INSERT INTO token_blacklist_outstandingtoken VALUES('eyJhbGciOiJIUzI1NiIsInR5cCI6IkpXVCJ9.eyJ0b2tlbl90eXBlIjoicmVmcmVzaCIsImV4cCI6MTc0MzQxODk3NiwiaWF0IjoxNzQyMjA5Mzc2LCJqdGkiOiJkYjljZTQ2OWY0MTE0MDkzOTE3NzQ4MGU5NzY0ZDE5MyIsInVzZXJfaWQiOjF9.vb31axWEaO0smlG83Sr0qKGeDmjvzb-s_7YtetZ4liw','2025-03-17 11:02:56.609155','2025-03-31 11:02:56',1,'db9ce469f41140939177480e9764d193',92);
INSERT INTO token_blacklist_outstandingtoken VALUES('eyJhbGciOiJIUzI1NiIsInR5cCI6IkpXVCJ9.eyJ0b2tlbl90eXBlIjoicmVmcmVzaCIsImV4cCI6MTc0MzQ4Mjc5NywiaWF0IjoxNzQyMjczMTk3LCJqdGkiOiI1NmQ5MjkwYzQ4MjQ0Nzk2YjYyZGU3OTliNzZmMmM1MCIsInVzZXJfaWQiOjF9.3JghGGfsyN_oqoLkM9lxm03IsjkJg40uXv8EwErl5EY','2025-03-18 04:46:37.348895','2025-04-01 04:46:37',1,'56d9290c48244796b62de799b76f2c50',93);
INSERT INTO token_blacklist_outstandingtoken VALUES('eyJhbGciOiJIUzI1NiIsInR5cCI6IkpXVCJ9.eyJ0b2tlbl90eXBlIjoicmVmcmVzaCIsImV4cCI6MTc0MzQ4Mjc5OCwiaWF0IjoxNzQyMjczMTk4LCJqdGkiOiI1NjQxMWE0NTg0NDc0NWIyYTc0MmMzYWQxNDI2MzgxYiIsInVzZXJfaWQiOjF9.lUQhVPrZRjGF1QMfAISG4YF00h27PqaZMw_2YDxVkPE','2025-03-18 04:46:38.560155','2025-04-01 04:46:38',1,'56411a45844745b2a742c3ad1426381b',94);
CREATE TABLE IF NOT EXISTS "zenapp_category" ("id" integer NOT NULL PRIMARY KEY AUTOINCREMENT, "name" varchar(255) NOT NULL, "description" text NULL);
INSERT INTO zenapp_category VALUES(4,'Meditation Lounge','');
INSERT INTO zenapp_category VALUES(5,'Tales & Echoes Lounge','');
INSERT INTO zenapp_category VALUES(6,'Mentorship Lounge','Mentorship Lounge');
INSERT INTO zenapp_category VALUES(9,'Yoga Lounge','Yoga Lounge');
CREATE TABLE IF NOT EXISTS "zenapp_eventlog" ("id" integer NOT NULL PRIMARY KEY AUTOINCREMENT, "category" varchar(255) NOT NULL, "event_name" varchar(255) NOT NULL, "meeting_id" varchar(50) NOT NULL, "created_date" datetime NOT NULL, "username" varchar(255) NOT NULL, "user_email" varchar(254) NOT NULL, "start_time" datetime NOT NULL, "end_time" datetime NOT NULL, "duration" integer NOT NULL, "participants" integer NOT NULL);
CREATE TABLE IF NOT EXISTS "zenapp_customersupport" ("id" integer NOT NULL PRIMARY KEY AUTOINCREMENT, "issue" text NOT NULL, "created_at" datetime NOT NULL, "resolved" bool NOT NULL, "user_id" bigint NOT NULL REFERENCES "authapp_customuser" ("id") DEFERRABLE INITIALLY DEFERRED);
CREATE TABLE IF NOT EXISTS "zenapp_zoommeetingattendance" ("id" integer NOT NULL PRIMARY KEY AUTOINCREMENT, "program_name" varchar(255) NOT NULL, "meeting_id" varchar(50) NOT NULL, "created_date" datetime NOT NULL, "username" varchar(255) NOT NULL, "user_email" varchar(254) NOT NULL, "start_time" datetime NOT NULL, "end_time" datetime NOT NULL, "duration" integer NOT NULL, "participants" integer NOT NULL, "event_id" bigint NOT NULL REFERENCES "zenapp_event" ("id") DEFERRABLE INITIALLY DEFERRED);
CREATE TABLE IF NOT EXISTS "authapp_intrestedtopic" ("id" integer NOT NULL PRIMARY KEY AUTOINCREMENT, "topic" varchar(100) NOT NULL UNIQUE);
INSERT INTO authapp_intrestedtopic VALUES(1,'Career Guidance');
INSERT INTO authapp_intrestedtopic VALUES(2,'Internship');
INSERT INTO authapp_intrestedtopic VALUES(3,'Publication');
INSERT INTO authapp_intrestedtopic VALUES(4,'Further Studies');
INSERT INTO authapp_intrestedtopic VALUES(5,'Going Abroad');
INSERT INTO authapp_intrestedtopic VALUES(6,'Culture adjustment in US\/UK');
CREATE TABLE IF NOT EXISTS "authapp_university" ("id" integer NOT NULL PRIMARY KEY AUTOINCREMENT, "name" varchar(100) NOT NULL UNIQUE, "location" varchar(100) NULL, "website" varchar(200) NULL, "logo" varchar(100) NULL, "established" date NULL, "description" text NULL, "contact_email" varchar(254) NULL);
INSERT INTO authapp_university VALUES(1,'IIT KGP',NULL,NULL,'',NULL,'',NULL);
INSERT INTO authapp_university VALUES(2,'IIT Kanpur',NULL,NULL,'',NULL,'',NULL);
INSERT INTO authapp_university VALUES(3,'IIT Delhi',NULL,NULL,'',NULL,'',NULL);
INSERT INTO authapp_university VALUES(4,'IIT Chennai',NULL,NULL,'',NULL,'',NULL);
INSERT INTO authapp_university VALUES(5,'IIT Mumbai',NULL,NULL,'',NULL,'',NULL);
INSERT INTO authapp_university VALUES(6,'IIT BHU',NULL,NULL,'',NULL,'',NULL);
CREATE TABLE IF NOT EXISTS "zenapp_coupon" ("id" integer NOT NULL PRIMARY KEY AUTOINCREMENT, "code" varchar(20) NOT NULL UNIQUE, "valid_from" datetime NOT NULL, "is_active" bool NOT NULL, "created_at" datetime NOT NULL, "discount_type" varchar(10) NOT NULL, "discount_value" decimal NOT NULL, "max_discount" decimal NULL, "min_order_value" decimal NULL, "updated_at" datetime NOT NULL, "usage_limit" integer unsigned NULL CHECK ("usage_limit" >= 0), "used_count" integer unsigned NOT NULL CHECK ("used_count" >= 0), "valid_to" datetime NULL);
INSERT INTO zenapp_coupon VALUES(1,'KJKJ33','2025-02-19 18:30:00',1,'2025-02-26 09:50:47.870629','percentage',100,NULL,NULL,'2025-02-27 08:56:49.836422',NULL,0,'2025-02-26 18:30:00');
INSERT INTO zenapp_coupon VALUES(3,'SDGER','2025-02-19 18:30:00',1,'2025-02-27 03:51:16.202662','fixed',100,NULL,NULL,'2025-02-27 03:51:16.202676',NULL,0,'2025-02-14 18:30:00');
INSERT INTO zenapp_coupon VALUES(5,'32323r','2025-02-07 18:30:00',1,'2025-02-27 08:43:21.964848','percentage',32,NULL,NULL,'2025-02-27 08:50:19.060669',NULL,0,'2025-02-13 18:30:00');
CREATE TABLE IF NOT EXISTS "authapp_paymentgateway" ("id" integer NOT NULL PRIMARY KEY AUTOINCREMENT, "description" text NULL, "is_active" bool NOT NULL, "credentials" text NOT NULL CHECK ((JSON_VALID("credentials") OR "credentials" IS NULL)), "name" varchar(100) NOT NULL UNIQUE);
INSERT INTO authapp_paymentgateway VALUES(5,'RazorPay',1,'{"public_key": "rzp_test_tEMCtcfElFdYts", "secret_key": "rRfAuSd9PLwbhIwUlBpTy4Gv"}','razorpay');
CREATE TABLE IF NOT EXISTS "zenapp_payment" ("id" integer NOT NULL PRIMARY KEY AUTOINCREMENT, "amount" decimal NULL, "payment_date" datetime NOT NULL, "status" varchar(20) NOT NULL, "user_id" bigint NOT NULL REFERENCES "authapp_customuser" ("id") DEFERRABLE INITIALLY DEFERRED, "registration_id" bigint NOT NULL REFERENCES "zenapp_eventregistration" ("id") DEFERRABLE INITIALLY DEFERRED, "payment_gateway_id" bigint NOT NULL REFERENCES "authapp_paymentgateway" ("id") DEFERRABLE INITIALLY DEFERRED, "currency" varchar(5) NOT NULL);
CREATE TABLE IF NOT EXISTS "zenapp_event" ("id" integer NOT NULL PRIMARY KEY AUTOINCREMENT, "title" varchar(255) NOT NULL, "description" text NULL, "start_date" datetime NOT NULL, "end_date" datetime NOT NULL, "price" decimal NOT NULL, "session_link" varchar(500) NULL, "thumbnail" varchar(100) NULL, "is_featured" bool NOT NULL, "moderator_id" bigint NULL REFERENCES "authapp_customuser" ("id") DEFERRABLE INITIALLY DEFERRED, "lounge_type_id" bigint NOT NULL REFERENCES "zenapp_category" ("id") DEFERRABLE INITIALLY DEFERRED, "seat_count" integer NULL, "end_time" time NOT NULL, "start_time" time NOT NULL, "is_active" bool NOT NULL, "created_on" datetime NOT NULL);
INSERT INTO zenapp_event VALUES(3,'New Moon Hanuman Chalisa','Details','2025-02-14 00:00:00','2025-02-22 00:00:00',200,'https://integralyogasf.org/event/new-moon-hanuman-chalisa-14/','',1,1,5,10,'11:45:00','01:00:00',1,'2025-03-10 06:49:04.762978');
INSERT INTO zenapp_event VALUES(4,'Tales','New Lounge','2025-02-14 00:00:00','2025-02-13 00:00:00',0,'https://yoga.ayush.gov.in/YAP/Home.php','thumbnails/Meditation-Mindfulness-1-1536x960_lFhfntk_ToWcxJ5.jpg',1,NULL,5,0,'12:15:00','12:15:00',1,'2025-03-10 06:49:04.762978');
INSERT INTO zenapp_event VALUES(5,'Mindfulness','Mindfulness','2025-03-19 00:00:00','2025-03-21 00:00:00',0,'https://www.medicalnewstoday.com/articles/320392','thumbnails/Meditation-Mindfulness-1-1536x960_fbn6C3t.jpg',0,NULL,6,0,'12:00:00','09:30:00',0,'2025-03-10 06:49:04.762978');
CREATE TABLE IF NOT EXISTS "authapp_country" ("id" integer NOT NULL PRIMARY KEY AUTOINCREMENT, "name" varchar(100) NOT NULL UNIQUE, "code" varchar(3) NULL UNIQUE);
INSERT INTO authapp_country VALUES(1,'india',NULL);
INSERT INTO authapp_country VALUES(2,'thailand',NULL);
CREATE TABLE IF NOT EXISTS "authapp_customuser" ("id" integer NOT NULL PRIMARY KEY AUTOINCREMENT, "password" varchar(128) NOT NULL, "last_login" datetime NULL, "is_superuser" bool NOT NULL, "username" varchar(30) NULL, "first_name" varchar(150) NOT NULL, "last_name" varchar(150) NOT NULL, "email" varchar(254) NOT NULL UNIQUE, "is_staff" bool NOT NULL, "is_active" bool NOT NULL, "date_joined" datetime NOT NULL, "phone_number" varchar(15) NULL, "address" text NULL, "date_of_birth" date NULL, "profile_picture" varchar(100) NULL, "year_of_entry" integer NULL, "university_id" bigint NULL REFERENCES "authapp_university" ("id") DEFERRABLE INITIALLY DEFERRED, "department" varchar(100) NULL, "is_open_to_be_mentor" bool NOT NULL, "work" varchar(100) NULL, "country_id" bigint NULL REFERENCES "authapp_country" ("id") DEFERRABLE INITIALLY DEFERRED, "intrested_topics" varchar(200) NULL, "year_of_graduation" integer NULL);
INSERT INTO authapp_customuser VALUES(1,'pbkdf2_sha256$870000$xsfSQF89g7MI7AewAVCMHe$vae8cEU9pmpzJF2UkVMfChkCjstUmXQ4jn2LuiZl7is=','2025-03-17 10:53:45.362507',1,'Admin','','','admin@gmail.com',1,1,'2025-02-26 06:44:31',NULL,'',NULL,'',NULL,NULL,NULL,0,NULL,NULL,NULL,NULL);
INSERT INTO authapp_customuser VALUES(2,'pbkdf2_sha256$870000$OgPieVRmN034PQfuMSvmh6$8tqJfPsourd5jMGa/f9CxMuUmc8qzwCrXygp9oybY0U=',NULL,0,'Alumni','','','psmkduraisamy@gmail.com',0,1,'2025-02-27 04:25:13',NULL,'',NULL,'',NULL,NULL,NULL,0,NULL,NULL,NULL,NULL);
INSERT INTO authapp_customuser VALUES(3,'pbkdf2_sha256$870000$KC2FCQGXWWrsJwm9L4f5bM$GHwLxwBnm8F+kz+2gMfNkIhk9AKCog40zlsbw9DYfN8=',NULL,0,'Student','','','psmkvduraisamy@gmail.com',0,1,'2025-02-27 04:28:00',NULL,'',NULL,'',NULL,NULL,NULL,0,NULL,NULL,NULL,NULL);
INSERT INTO authapp_customuser VALUES(4,'pbkdf2_sha256$870000$5A0dY9kzjKovIJO1hQzLXj$m2lUDRyt19lGKfUn0mHLoNkPeq8z1lV3yasVAUUBqq4=','2025-02-27 09:30:45.228876',1,'Inba','','','inbarepute@gmail.com',1,1,'2025-02-27 08:49:48','9876543210','','2025-02-14','',NULL,NULL,NULL,0,NULL,NULL,NULL,NULL);
INSERT INTO authapp_customuser VALUES(5,'pbkdf2_sha256$870000$bvOygsmMcBbzbqvLFmXABn$qYEz6mdBFEwsbZ9yki9eDB5Z/Ct02RFtmvQ9m9OuV+s=',NULL,0,'Durai','','','test@gmail.com',0,1,'2025-02-28 08:38:40.021031','9876543210','New Address','2025-02-11','',NULL,NULL,NULL,0,NULL,NULL,NULL,NULL);
INSERT INTO authapp_customuser VALUES(6,'pbkdf2_sha256$870000$adzDTMaRdYXQ1wC8Ibkvcp$PLXoGecaj2gPcwXFlua2YR2Ql5o1GcfvNKDWHlSeHlM=',NULL,0,'Vijay','','','vijay@gmail.com',0,1,'2025-02-28 08:54:20.930931','9876543210','address','2025-02-22','profile_pics/Meditation-Mindfulness-1-1536x960.jpg',NULL,NULL,NULL,0,NULL,NULL,NULL,NULL);
INSERT INTO authapp_customuser VALUES(7,'pbkdf2_sha256$870000$K2LMb9KbA3QQ6RdDt2UON6$XXiWQVn9kAQWjlpYafvA8tVvtQijS3EOMdiMbWVAwqU=',NULL,0,'Ramesh','','','ramesh@gmail.com',0,1,'2025-02-28 08:58:43.465227','9876543210','address','2025-02-22','profile_pics/Meditation-Mindfulness-1-1536x960_rKUff8w_SgqgFZl_iTYU6xx_VOLecf9.jpg',NULL,NULL,NULL,0,NULL,NULL,NULL,NULL);
INSERT INTO authapp_customuser VALUES(8,'pbkdf2_sha256$870000$srnyH0upVrz5Ecs6OCQQRK$CiIBTvM9BCic63OIa35NQME4xfSe6jPmHirr93ZvrnY=',NULL,0,'Ishaan','','','Ishaan@gmail.com',0,1,'2025-03-01 10:40:15.279795','9876543210','Ishaan Address','2025-03-13','',NULL,NULL,NULL,0,NULL,NULL,NULL,NULL);
INSERT INTO authapp_customuser VALUES(9,'pbkdf2_sha256$870000$rEb4YdT1jnDompXefdLzef$7T7OpJSrdZmScebrM/RaoNsKVN5hy3GuYXDdvK4Ht1I=',NULL,0,'Yash','','','Yash@gmail.com',0,1,'2025-03-01 10:40:28.584452','9876543210','Yash Address','2025-03-13','',NULL,NULL,NULL,0,NULL,NULL,NULL,NULL);
INSERT INTO authapp_customuser VALUES(10,'pbkdf2_sha256$870000$BNaxlrmcpe7nJ0vZg5UoMT$n34+WWy5VfltOTYEFi6TtTkugLGpNQQGnRXPE8qfOH8=',NULL,0,'Arjun','','','Arjun@gmail.com',0,1,'2025-03-01 10:40:40.160773','9876543210','Arjun Address','2025-03-13','',NULL,NULL,NULL,0,NULL,NULL,NULL,NULL);
INSERT INTO authapp_customuser VALUES(11,'pbkdf2_sha256$870000$fg4bq6VYppdHV7gBkll5lb$VhvPOFG2+kguhrGvVu8SKadtl7NSSbgJZeTLylDs03U=',NULL,0,'Chandran','','','Chandran@gmail.com',0,1,'2025-03-01 10:40:55.979106','9876543210','Chandran Address','2025-03-13','',NULL,NULL,NULL,0,NULL,NULL,NULL,NULL);
INSERT INTO authapp_customuser VALUES(12,'pbkdf2_sha256$870000$gid8FYZcPTC85F4i9w68ej$59eN4NZU3xKeTRWXfpi1rpbVf2GLBZ7xZWYn69TnxwY=',NULL,0,'Zayan','','','Zayan@gmail.com',0,1,'2025-03-01 10:41:09.350781','9876543210','Zayan Address','2025-03-13','',NULL,NULL,NULL,0,NULL,NULL,NULL,NULL);
INSERT INTO authapp_customuser VALUES(13,'pbkdf2_sha256$870000$tFekXGwSxdqZWkCSagKI1o$vlObJFkFN/RhvT0Iii9UwiObKyPhgIZ3VeuN68f3RHk=',NULL,0,'Rithvik','','','Rithvik@gmail.com',0,1,'2025-03-01 10:41:25.157866','9876543210','Rithvik Address','2025-03-13','',NULL,NULL,NULL,0,NULL,NULL,NULL,NULL);
INSERT INTO authapp_customuser VALUES(14,'pbkdf2_sha256$870000$oaKPg4BFKuDCMaaOGZfKRE$J0czv95SetTPHY5JSpIhnmMyZoDaDQC0s14Nbxd2Zvs=',NULL,0,'Samarth','','','Samarth@gmail.com',0,1,'2025-03-01 10:42:02.195219','string','Samarth Address','2025-03-05','',NULL,NULL,NULL,0,NULL,NULL,NULL,NULL);
INSERT INTO authapp_customuser VALUES(15,'pbkdf2_sha256$870000$BQEfPlrmdu2sGwGhmNlCBW$75tYfpzrA+Ye0qNIlJ4ABAml9/dYBWAyrG8+r9e7WIU=',NULL,0,'Arush','','','Arush@gmail.com',0,1,'2025-03-01 10:42:14.677915','9876543210','Arush Address','2025-03-05','',NULL,NULL,NULL,0,NULL,NULL,NULL,NULL);
INSERT INTO authapp_customuser VALUES(16,'pbkdf2_sha256$870000$ShwSFF6y1CAE0hh4ZLYYc2$SfeTHrwANDxK5gWAjL7DQr3pAeSNsDJnmwh/fmNOjFM=',NULL,0,'Siddharth','','','Siddharth@gmail.com',0,1,'2025-03-01 10:42:29.149412','9876543210','Siddharth Address','2025-03-05','',NULL,NULL,NULL,0,NULL,NULL,NULL,NULL);
INSERT INTO authapp_customuser VALUES(17,'pbkdf2_sha256$870000$lDwHU4GbhDd5iXk15S7MAq$ZSEcJheBqPvkMcaJqwA0Cg6VzYjo5xwSI5yjf+RukKU=',NULL,0,'Alaguraj','','','student@gmail.com',0,1,'2025-03-11 06:50:43','7876543434','','2025-03-14','',NULL,NULL,NULL,0,NULL,NULL,NULL,NULL);
INSERT INTO authapp_customuser VALUES(19,'pbkdf2_sha256$870000$7T3JpS7nnBRUbrI6rnRJPp$soI3uzZRVByqPuue6CRwRFz2k+Y4J8sbCQrDD3zaRys=',NULL,0,'Alumni','','','alumni@gmail.com',0,1,'2025-03-11 10:03:40.549142','7876543432',NULL,NULL,'',NULL,NULL,'dsfs',1,'Testing',NULL,'Career Guidance',2023);
INSERT INTO authapp_customuser VALUES(20,'pbkdf2_sha256$870000$IIWLT1HJU1U6PVPsNFh17X$WVRXq0twKTuNFmxJS5hVX908guOHK1XxknUEPA+e+zU=',NULL,0,'Alumni','','','alumni1@gmail.com',0,1,'2025-03-11 10:06:47.312351','7876543432',NULL,NULL,'',NULL,NULL,'dsfs',1,'Testing',NULL,'Career Guidance',2023);
INSERT INTO authapp_customuser VALUES(21,'pbkdf2_sha256$870000$3rGl2H7Lq1r2XsOBuCYXNU$XL6Hp8uq7OH9C7yMvjUU9Ix5cMO9ZCtvw9kj8iciImA=',NULL,0,'Alumni','','','alumni2@gmail.com',0,1,'2025-03-11 10:08:49.963075','7876543432',NULL,NULL,'',NULL,NULL,'dsfs',1,'Testing',NULL,'Career Guidance',2023);
INSERT INTO authapp_customuser VALUES(22,'pbkdf2_sha256$870000$DnOrwQxiMCH8Q3myRIVpWd$p5nA5IxyVruSAowhdYvO10JcB0H5oEG0/w7iDI2bAls=',NULL,0,'Alagu Raj','','','alaguraj1@gmail.com',0,1,'2025-03-11 12:11:20.257965',NULL,NULL,NULL,'',2025,4,'computer science',0,NULL,NULL,'Career Guidance',NULL);
INSERT INTO authapp_customuser VALUES(23,'pbkdf2_sha256$870000$ENzs2sNEJn0l3HJMTK0Jsk$lrcs/HiXEkoq3Ld6bR+tPNijPkQlFCxyzCzR9UT7O4M=',NULL,0,'Indumathi','','','indu@gmail.com',0,1,'2025-03-14 06:56:08.495664',NULL,NULL,NULL,'',2025,1,'Computer Science',0,NULL,NULL,'Internship',NULL);
INSERT INTO authapp_customuser VALUES(33,'pbkdf2_sha256$870000$THXN2TC0Coqk2DSptZjEKH$cVZeUJ2ZG4BS86Q8OV1/YQ1mo2Ne0jafvwZL+vgB8WQ=',NULL,0,'Raj','','','raj@gmail.com',0,1,'2025-03-14 09:41:34.614721',NULL,NULL,NULL,'',2025,NULL,'computer science',0,NULL,NULL,'Further Studies',NULL);
INSERT INTO authapp_customuser VALUES(35,'pbkdf2_sha256$870000$nIm2d9PwkHNtF5PkGXDw37$vha8ySTxldKSt9UYi6mJ7wkhgP50QWSiuOOpg0KU/SU=',NULL,0,'Alagu Raja','','','alaguraja1@gmail.com',0,1,'2025-03-14 09:52:50.322004','8765344556','','2024-06-12','',NULL,NULL,NULL,0,NULL,NULL,NULL,NULL);
INSERT INTO authapp_customuser VALUES(36,'pbkdf2_sha256$870000$AzknyOxmbbNfOv5kNPgdEU$JPCxGa0z/S1bSDn8DyCYYbSlvTcqEjwATVaebXxdGMQ=',NULL,0,'Alumni','','','alumni123@gmail.com',0,1,'2025-03-14 10:34:35.325698','4345566787','',NULL,'',NULL,NULL,'computer science',1,'testing',1,'Internship',2025);
INSERT INTO authapp_customuser VALUES(38,'pbkdf2_sha256$870000$aFdHPpbn5fLzBx1tD5KD9u$p0PSoTRH8UjIG+wLIDWceBL/NkeguP6EYNchM2h+JiA=',NULL,0,NULL,'','','user@gmail.com',0,1,'2025-03-14 11:40:49',NULL,'',NULL,'',NULL,NULL,NULL,0,NULL,NULL,NULL,NULL);
INSERT INTO authapp_customuser VALUES(39,'pbkdf2_sha256$870000$BzuCor8Lzho1EEMeljaZae$JSwbmV2vnt5wVP1+0E0ITBhD6Odw4a/eXM3OzCPIglo=',NULL,0,'Inpa','','','inpa@gmail.com',0,1,'2025-03-14 12:27:17.007408','7871207631','','2025-03-19','',NULL,NULL,NULL,0,NULL,NULL,NULL,NULL);
INSERT INTO authapp_customuser VALUES(40,'pbkdf2_sha256$870000$WtIEu3PmDTuciNKQbJ2YmB$Owg5RVve587vmNtnUnTrhNPfQo5pG8ZV1kRS0PPE2tA=',NULL,0,'Mithun','','','Mithun@gmail.com',0,1,'2025-03-17 09:58:15.601617','4564564566','testing','2025-03-19','',NULL,NULL,NULL,0,NULL,NULL,NULL,NULL);
INSERT INTO authapp_customuser VALUES(41,'pbkdf2_sha256$870000$Fa2xeCg0dL8bj5WWLYHAPp$2f1TSoHbhprp94WR7EbLhRBF7yn2CLFXBEFQFGTxpT4=',NULL,0,'Alaguraj','','','raj1234@gmail.com',0,1,'2025-03-17 10:19:38.065922','4564564565','',NULL,'',NULL,NULL,NULL,0,NULL,NULL,NULL,NULL);
INSERT INTO authapp_customuser VALUES(45,'pbkdf2_sha256$870000$rZ8xgnBAOeO0dlYCe9JcJ4$GRfUIBOkww7KaB16l9KrTJLTPGdZOY0F3KtwEb5lGDw=',NULL,0,'sathiya','','','repute.sathiyakala@gmail.com',0,1,'2025-03-17 10:58:03',NULL,'','2025-03-13','',NULL,2,NULL,0,NULL,NULL,'Culture adjustment in US\/UK',NULL);
INSERT INTO authapp_customuser VALUES(46,'pbkdf2_sha256$870000$prL026PhnXDYzhkrvyou6I$gH3aXDlnLoTV/Eo4CTGvs7a6DeLeMqtwAUNzcE2UsVg=',NULL,0,'alaguraj','','','alaguraj259@gmail.com',0,1,'2025-03-17 11:32:21.383218',NULL,'','2025-03-06','',NULL,6,NULL,0,NULL,NULL,'Culture adjustment in US\/UK',NULL);
INSERT INTO authapp_customuser VALUES(47,'pbkdf2_sha256$870000$DrO0dNcjE1l1w0dfzn2qhH$bu9WPusg+2Vc1nOpP5L3zG7qzohh8jSQgtdTbJLrhA0=',NULL,0,'New user','','','newuser@gmail.com',0,1,'2025-03-17 12:18:29.291458','4564564566','hops','2025-03-14','',2025,1,NULL,0,NULL,NULL,NULL,NULL);
CREATE TABLE IF NOT EXISTS "zenapp_eventregistration" ("id" integer NOT NULL PRIMARY KEY AUTOINCREMENT, "registration_date" datetime NOT NULL, "event_id" bigint NOT NULL REFERENCES "zenapp_event" ("id") DEFERRABLE INITIALLY DEFERRED, "user_id" bigint NOT NULL REFERENCES "authapp_customuser" ("id") DEFERRABLE INITIALLY DEFERRED, "registration_status" varchar(20) NOT NULL, "registration_id" varchar(100) NULL);
INSERT INTO zenapp_eventregistration VALUES(6,'2025-03-11 10:58:22.476704',3,1,'Pending','#39328');
INSERT INTO zenapp_eventregistration VALUES(7,'2025-03-14 10:09:54.053366',5,17,'Completed','REGIS323293');
INSERT INTO zenapp_eventregistration VALUES(8,'2025-03-14 11:15:55.901172',5,33,'Completed','REGIS122666');
INSERT INTO zenapp_eventregistration VALUES(21,'2025-03-14 12:26:25.308415',5,38,'Completed','REGIS859011');
DELETE FROM sqlite_sequence;
INSERT INTO sqlite_sequence VALUES('django_migrations',67);
INSERT INTO sqlite_sequence VALUES('django_content_type',22);
INSERT INTO sqlite_sequence VALUES('auth_permission',88);
INSERT INTO sqlite_sequence VALUES('auth_group',3);
INSERT INTO sqlite_sequence VALUES('django_admin_log',78);
INSERT INTO sqlite_sequence VALUES('token_blacklist_blacklistedtoken',0);
INSERT INTO sqlite_sequence VALUES('token_blacklist_outstandingtoken',94);
INSERT INTO sqlite_sequence VALUES('zenapp_category',10);
INSERT INTO sqlite_sequence VALUES('zenapp_coupon',6);
INSERT INTO sqlite_sequence VALUES('authapp_customuser_groups',50);
INSERT INTO sqlite_sequence VALUES('authapp_customuser_user_permissions',2);
INSERT INTO sqlite_sequence VALUES('authapp_paymentgateway',5);
INSERT INTO sqlite_sequence VALUES('zenapp_payment',8);
INSERT INTO sqlite_sequence VALUES('zenapp_event',5);
INSERT INTO sqlite_sequence VALUES('authapp_customuser',47);
INSERT INTO sqlite_sequence VALUES('authapp_university',6);
INSERT INTO sqlite_sequence VALUES('authapp_intrestedtopic',6);
INSERT INTO sqlite_sequence VALUES('zenapp_eventregistration',21);
INSERT INTO sqlite_sequence VALUES('authapp_country',2);
CREATE UNIQUE INDEX "django_content_type_app_label_model_76bd3d3b_uniq" ON "django_content_type" ("app_label", "model");
CREATE UNIQUE INDEX "auth_group_permissions_group_id_permission_id_0cd325b0_uniq" ON "auth_group_permissions" ("group_id", "permission_id");
CREATE INDEX "auth_group_permissions_group_id_b120cbf9" ON "auth_group_permissions" ("group_id");
CREATE INDEX "auth_group_permissions_permission_id_84c5c92e" ON "auth_group_permissions" ("permission_id");
CREATE UNIQUE INDEX "auth_permission_content_type_id_codename_01ab375a_uniq" ON "auth_permission" ("content_type_id", "codename");
CREATE INDEX "auth_permission_content_type_id_2f476e4b" ON "auth_permission" ("content_type_id");
CREATE UNIQUE INDEX "authapp_customuser_groups_customuser_id_group_id_03af0264_uniq" ON "authapp_customuser_groups" ("customuser_id", "group_id");
CREATE INDEX "authapp_customuser_groups_customuser_id_d338aa9f" ON "authapp_customuser_groups" ("customuser_id");
CREATE INDEX "authapp_customuser_groups_group_id_4143a1f8" ON "authapp_customuser_groups" ("group_id");
CREATE UNIQUE INDEX "authapp_customuser_user_permissions_customuser_id_permission_id_abd7dbc4_uniq" ON "authapp_customuser_user_permissions" ("customuser_id", "permission_id");
CREATE INDEX "authapp_customuser_user_permissions_customuser_id_5e7638ee" ON "authapp_customuser_user_permissions" ("customuser_id");
CREATE INDEX "authapp_customuser_user_permissions_permission_id_a4c601ab" ON "authapp_customuser_user_permissions" ("permission_id");
CREATE INDEX "django_admin_log_content_type_id_c4bce8eb" ON "django_admin_log" ("content_type_id");
CREATE INDEX "django_admin_log_user_id_c564eba6" ON "django_admin_log" ("user_id");
CREATE INDEX "django_session_expire_date_a5c62663" ON "django_session" ("expire_date");
CREATE INDEX "token_blacklist_outstandingtoken_user_id_83bc629a" ON "token_blacklist_outstandingtoken" ("user_id");
CREATE INDEX "zenapp_customersupport_user_id_f7da5e12" ON "zenapp_customersupport" ("user_id");
CREATE INDEX "zenapp_zoommeetingattendance_event_id_93728b09" ON "zenapp_zoommeetingattendance" ("event_id");
CREATE INDEX "zenapp_payment_user_id_216fc092" ON "zenapp_payment" ("user_id");
CREATE INDEX "zenapp_payment_registration_id_cb2f0a11" ON "zenapp_payment" ("registration_id");
CREATE INDEX "zenapp_payment_payment_gateway_id_aef054d0" ON "zenapp_payment" ("payment_gateway_id");
CREATE INDEX "zenapp_event_moderator_id_f91ea213" ON "zenapp_event" ("moderator_id");
CREATE INDEX "zenapp_event_lounge_type_id_d7625ebb" ON "zenapp_event" ("lounge_type_id");
CREATE INDEX "authapp_customuser_university_id_a411c6d4" ON "authapp_customuser" ("university_id");
CREATE INDEX "authapp_customuser_country_id_64176d2a" ON "authapp_customuser" ("country_id");
CREATE INDEX "zenapp_eventregistration_event_id_9ffa4f52" ON "zenapp_eventregistration" ("event_id");
CREATE INDEX "zenapp_eventregistration_user_id_c8b9eea3" ON "zenapp_eventregistration" ("user_id");
COMMIT;
